n_ary,n_subset,strat_10,strat_25,strat_50,random_1,random_2,random_3,rdkit,fast_exact
JT,4176,0.056100298595126344,0.048550078283552754,0.05819733116928157,0.05366711963212902,0.060878165449955786,0.04600303232129246,0.05542433551583793,0.04705021034052344
JT,4647,0.07159909385066898,0.07695694341256427,0.07690017145978813,0.07227729253785796,0.07974825242858613,0.08390555946120452,0.0790487825024993,0.12138011330950729
JT,4393,0.08964392641800782,0.09362430199553928,0.09301174760578218,0.08990845879939764,0.08898572540231554,0.10095415403849307,0.0946367218738645,0.14902769255475784
JT,1187,0.062418013823681597,0.055216034537944984,0.05719324280624086,0.05920302544574713,0.05804819866768738,0.05831407543912161,0.06154688714543372,0.09405759468314456
JT,3466,0.05793565387536464,0.05615091284318914,0.05419062849279139,0.05366258629391222,0.054165067660913176,0.04990944162367252,0.05609183998519235,0.08213656241527659
JT,1892,0.06557289130472246,0.058545993748042924,0.061103185188884024,0.06492903708410531,0.06284749748307222,0.06310546745603844,0.06299617212699568,0.09668828811170474
JT,3699,0.16452861017330148,0.16511132261284245,0.16377076596758652,0.16455398162274262,0.1769714840560524,0.13666987286060797,0.1638859792565918,0.25089806202464743
JT,4520,0.12881915766391594,0.13566989888734998,0.13316108410842373,0.12369828653460348,0.13122640932548874,0.13045771414093174,0.13468584277154777,0.21517689355267608
JT,2295,0.026816290660729363,0.02404308792104897,0.02257134058068747,0.01966236770373615,0.021207482078250354,0.02735803595637972,0.024116572887218232,0.021011435966721264
JT,3756,0.03773305478923694,0.03830726107515075,0.03907869717925973,0.039356796385518075,0.04601199298695119,0.04665771024802512,0.04236292253450878,0.05282207823804982
JT,3790,0.07534156276965889,0.08686344556658301,0.0842809750358632,0.08930434713481064,0.08799266488085622,0.08114810812787256,0.08580238380894745,0.1297247601270984
JT,4925,0.04137662349576514,0.03590491835219721,0.04286787801797118,0.03528987534335968,0.038025111324068064,0.039658836658792176,0.03806702679027782,0.037917388852098374
JT,3935,0.03703101698207885,0.038243151583076895,0.03809685475024965,0.036496767277143356,0.04918333665278621,0.03922252285694778,0.039626074057043735,0.050155201457368265
JT,3730,0.04082831571792683,0.03794883308643375,0.04379050998190212,0.04612307725749931,0.03880556152707755,0.04395005924043638,0.0451300707766532,0.048767701422432905
JT,4625,0.07796028501328192,0.07657838593185469,0.07150463808000088,0.07625913088997516,0.07765592073702896,0.07185978260616674,0.0759362979155301,0.12112109322155952
JT,4338,0.04734836548896836,0.05651216799794557,0.04831014080755326,0.0467730358860949,0.047621305711554915,0.04416575675723729,0.04340949253324973,0.046492545511127886
JT,3103,0.037650497633310145,0.0348393754081948,0.03248140905666588,0.029805703218023713,0.029787899901823643,0.035014274003580155,0.03289004055811647,0.029630223312942152
JT,4412,0.09522097348017902,0.10262710171163249,0.10214720707012903,0.09795992885018764,0.10898570657037435,0.10840465359141636,0.1036411212379393,0.16361111285824545
JT,1872,0.07453406947964808,0.07446169664843053,0.07437089735742754,0.07509884967151019,0.06968894413737464,0.0766715030206873,0.07571279351476246,0.1119733058767069
JT,1240,0.01872356431266735,0.024158743620237382,0.025029699023141658,0.02390661989740798,0.02418894769839537,0.02533450309651753,0.025326842392868636,0.01690355432058059
JT,2662,0.06090523223966498,0.05489207024529186,0.0575040809603627,0.0604435369861158,0.05207650452511764,0.05569976245315044,0.05914694739660266,0.08426267467561445
JT,4193,0.03933876994828349,0.03941510644340001,0.04000005297932406,0.04003547606320464,0.03969527161752883,0.03944426510260676,0.04031151141604453,0.051580352402000415
JT,3625,0.08930271429453011,0.09423382799319051,0.09272736750720431,0.09673106316327101,0.10070726428766898,0.08475285368920993,0.09401883507911926,0.14816295382978217
JT,2640,0.10213997266196365,0.09871024339502138,0.09784187358589005,0.09587107641155936,0.09783568555126651,0.09259998253044997,0.09845228728172808,0.15018030632857726
JT,4137,0.12012443191062598,0.128841712480635,0.126538886935535,0.10088525234327886,0.12869381505859484,0.13083646859202736,0.12812680374187854,0.16943500805250825
JT,4705,0.025308462702800308,0.03174194490451419,0.030075919191747565,0.03140611381517105,0.02689335680679219,0.03337232903533172,0.03072304147961179,0.030131892158980017
JT,2871,0.025513228184587542,0.03368365061286013,0.034016108802176134,0.032872656779557856,0.02812406898704287,0.03953756099601653,0.03447376675527035,0.024461355294357306
JT,2140,0.05970359489852536,0.06654977199571074,0.06555187255207995,0.06663704834010681,0.06394755034489227,0.062037004043360384,0.06595888024602842,0.09598253322446484
JT,3095,0.14826728314297374,0.14959580752916693,0.1495048470693398,0.1488404849909347,0.1671822501017296,0.15863807339724792,0.15227357944909717,0.25071658637643945
JT,1682,0.04277798775365767,0.04213529867271928,0.03919288532940127,0.03463419471512138,0.04322087532427484,0.03809453929127888,0.04028315748761125,0.03352382983906291
JT,1774,0.10442609052111604,0.10398313355580768,0.1012274109056076,0.09772464714922063,0.11050554483245718,0.10764749946989881,0.10486470226407416,0.17433291529098582
JT,2169,0.05535706205692768,0.04122093522580844,0.042548353218807344,0.04663359846270265,0.03951343778785018,0.045214852809666244,0.043228220354245,0.034215752101822344
JT,3015,0.08562488964585044,0.08743351669617166,0.08689777164315947,0.08948408667280501,0.0936965264933482,0.08756010726231903,0.0886040457335838,0.1449647221129525
JT,1655,0.05274440605076608,0.05665157734106899,0.05208185010290274,0.04976847301024467,0.051705386286917454,0.052765294629261,0.05261287558199485,0.07113516235840334
JT,1591,0.031632230335825184,0.03443577778319021,0.035661776902616044,0.04147240401989277,0.040559229874486714,0.03940517559405901,0.038453046357885864,0.034601753011781484
JT,1676,0.04058321915871876,0.051148734851788114,0.05124590388145184,0.04895960848728291,0.04860084035357051,0.056921140845941215,0.055138089307864575,0.05188047082625409
JT,3429,0.049682337921553396,0.04106949792485131,0.049162041201268526,0.034052037631285614,0.04035405574750456,0.04438289149272368,0.03842858063968398,0.02892997704827498
JT,1987,0.066441795200005,0.07253524190853139,0.07162995275650538,0.07413888428422523,0.07270550717985032,0.07134670839777772,0.07205228607281473,0.11006830443877716
JT,4157,0.03016762133828574,0.023761496275444355,0.025703377472228926,0.026325318444728033,0.030890240415799422,0.02206146642769117,0.02822470401953983,0.024028404156597436
JT,2833,0.030641520211564646,0.04628793187484349,0.0436180883115088,0.042304585136352525,0.04079355458039839,0.04906720083513676,0.04386320929833283,0.05687079492702469
JT,3302,0.06761846827630426,0.07441764006622752,0.07101860914292159,0.05947736199380105,0.06568622194737528,0.07590031031901259,0.07280800601953266,0.11393185929149297
JT,3644,0.07109961787058519,0.06876059049715283,0.06796490146067534,0.06421532080006276,0.06500693435276568,0.06406953328479863,0.06721461389471288,0.10554477641659303
JT,3748,0.08402727564437357,0.08372087183466187,0.08193378687743506,0.08112471683193016,0.08077226417677442,0.07877324761118448,0.08271944322350008,0.13234114652990692
JT,2392,0.08839940439610922,0.09521551713779308,0.09523610176589983,0.10280569603758145,0.09194975496857064,0.10705775652490358,0.09827917999517707,0.16269001902432279
JT,1303,0.14658245498811592,0.15172885951211218,0.15075089301721628,0.13550947984352982,0.1272785676944507,0.16119222164298744,0.1525760738658633,0.2520433775685023
JT,1616,0.04235570717104351,0.04686253583071335,0.04838578361828374,0.0494905351577304,0.05129479255688676,0.047765347257622555,0.05027801155711545,0.06801287477006797
JT,3263,0.11059642222705252,0.11590726390309078,0.11384498712308594,0.11663656113711098,0.10566042369099989,0.11543585207912763,0.11552835008738167,0.18309163219233768
JT,3458,0.07877936559639291,0.07901329048575052,0.08024195261471732,0.08007101793904663,0.07646313966675651,0.07827748025263061,0.08060522043781455,0.11901483508719436
JT,1257,0.036668764397403276,0.0357840157447239,0.036299048704590435,0.04029598526594153,0.03310357462254491,0.0333756703717738,0.03557741343416978,0.03533515011541355
JT,2057,0.13242361493574198,0.14078866541595994,0.13801338992391252,0.11567351476323139,0.13494258844750862,0.13743705830234418,0.1402572423185311,0.21402342947123115
JT,3760,0.1069717460905683,0.11537906153480369,0.1153628635700558,0.11830605720743834,0.11327487222977035,0.11344225329101326,0.11697005953231018,0.16326491009353297
JT,4048,0.058678879303992924,0.05331926960468606,0.05126800220736767,0.05548444875093979,0.04824915616549558,0.04899957876187626,0.05085797406046033,0.06766476856575719
JT,2836,0.1817940553105544,0.19598383332354286,0.19196912776913266,0.21226611937361176,0.19618813172339997,0.15561019159654063,0.19342714560529475,0.2754062000520336
JT,1119,0.0448446841218852,0.04914368965468126,0.04984304067459877,0.052794760425658914,0.052120098559530904,0.05137600961687076,0.05075068264709799,0.07232448170504117
JT,3895,0.06573164517533743,0.04633064086591554,0.050692839090876,0.050864545713790565,0.047349565415673235,0.046680281199830025,0.052856423802688464,0.06424574815610497
JT,2266,0.06721443953907388,0.0753797795945504,0.07472508994338581,0.07729089041493942,0.07302380382614015,0.06811005576437337,0.07627810812779154,0.11434086155742432
JT,1896,0.05566643039539128,0.050214650586573956,0.0531408578935569,0.04988927037943406,0.049427494502524705,0.052374291386139735,0.05289788107530857,0.0733045475406844
JT,1948,0.11671485150748466,0.11733849996737156,0.11722928495378969,0.11783728136056018,0.1165052193514445,0.12090044612224805,0.11861810973306809,0.1817779399030951
JT,1098,0.04342544948986252,0.04133812138224269,0.040591705264905645,0.0432375310940314,0.03886557479976223,0.046804698609469626,0.041540894868429976,0.04881659982663661
JT,2590,0.038841706600251755,0.030513952565084143,0.03193012233107468,0.02822914001128166,0.031241808959402713,0.034508490238607234,0.03179037497510392,0.02587904637104131
JT,1169,0.052178363641152616,0.056313009057873294,0.05750163749568454,0.06342899969348441,0.05486780489526313,0.05599077791707754,0.05898349594197549,0.08889602052242679
JT,4628,0.06550202081601465,0.06554003233980008,0.06843420916648646,0.06897861225251098,0.06488199273623577,0.07268650125003209,0.06698323440922023,0.10557789035699294
JT,4651,0.045295843871830346,0.05216515335092291,0.053717010968554454,0.05314481455120372,0.050707417028050594,0.04929796372300116,0.05209254988506662,0.07461833753414365
JT,2950,0.10321116456650499,0.10684124602101618,0.10720587549914253,0.11505684922106117,0.10619094120300461,0.09131367474432939,0.10901852275322259,0.17837189074728083
JT,4600,0.03138655415363096,0.03343936587624771,0.03282792881763609,0.0355093392701633,0.035125205226849296,0.03544911355312786,0.03536862317838914,0.04289778235665726
JT,1189,0.055678148337116685,0.05814751200556685,0.05307802214891404,0.05863047985693254,0.0588302676298382,0.05103273529398308,0.055090141984551755,0.08049108909350232
JT,4123,0.06343234119958308,0.06023432664875513,0.06119187805931973,0.07675183176418708,0.05827191706247081,0.06038683042139289,0.05973347530582376,0.0898485294042417
JT,3873,0.03963031585923934,0.038676520365238984,0.03717789768387114,0.03743044787216416,0.04143537472689984,0.02962503253320099,0.036620903727125405,0.027465771445679882
JT,2026,0.029344841681209807,0.03144952904476561,0.034542073958678074,0.037218468445770043,0.03358009819247319,0.03484206064796336,0.03489923100450615,0.03819669865894874
JT,2016,0.038270800853388146,0.03267596979186506,0.032541607709990227,0.039112593032890906,0.03590937811157644,0.03862265443806302,0.034733562102414656,0.04147857344313653
JT,2967,0.06935730031670805,0.06613482982478715,0.07167027956983565,0.06429087774736844,0.06198625858743061,0.0853091385482477,0.07027287237053752,0.10446667034210813
JT,2112,0.0489753724347421,0.04749557520771161,0.042808961412712274,0.04467916576480093,0.03426004617117879,0.048001053678566906,0.04056207209021344,0.038968684119208064
JT,4486,0.07135977606745762,0.07845266076044728,0.0794471480431154,0.08479499705897275,0.07959154101261408,0.07140409808206702,0.0812775542130642,0.1324147605762205
JT,2918,0.03993938068057637,0.045172496371792215,0.04551585830430408,0.043766496107614676,0.04021079571371749,0.04444672096451559,0.04627983730919091,0.044381368463316286
JT,3788,0.045139921889845204,0.03961496392345167,0.04048341407270084,0.0406826257112297,0.03789139455434406,0.03198403393909434,0.03792225214560884,0.04415267867804713
JT,1769,0.11723881953692243,0.12522004928315864,0.12406917836077681,0.12383670192161429,0.13439444846579876,0.12557917120085635,0.12565500695379384,0.19911329817148737
JT,3399,0.0332960761322458,0.03105454468508785,0.030805997768125627,0.032722126905586325,0.03206089018958383,0.03154557326549808,0.03358202619852984,0.03894413988669482
JT,4001,0.06332212595661885,0.061789259064392074,0.060710089390251916,0.06202701363162302,0.056292261474941686,0.06638931691955886,0.062183028522317815,0.09149896429059544
JT,1658,0.10489357565192992,0.10326960039029091,0.10358900633020078,0.09314178209521075,0.11037152082648363,0.10522750786394672,0.10570234872283747,0.17398062049972682
JT,2712,0.043367419489624054,0.04149403591561322,0.0446857789065826,0.043344114204195816,0.045883573413533385,0.04284817069700597,0.04455111127329506,0.053820345905652545
JT,3351,0.15872838298423242,0.15296847370887875,0.14945078753021215,0.1592196017834252,0.16260455991481815,0.15925750128245797,0.15238134929785854,0.24949096998734194
JT,1707,0.06054761882341948,0.0653684254435944,0.0632659540933206,0.058100764866545744,0.060307376956434275,0.06346122803392702,0.06102603265223248,0.08650929982995682
JT,1369,0.02405130002509178,0.02767214221448728,0.026150414854586555,0.024511041492367148,0.0339387609137958,0.028313407049363925,0.028821175740811,0.020106558473604527
JT,3229,0.05857086330889489,0.04348382185779076,0.04815218875738633,0.04707524908500512,0.044611197762059976,0.05107669517870321,0.04969004628979686,0.056149613654178934
JT,3638,0.050774093426101626,0.05109806987284399,0.05298662254751369,0.04683533417824141,0.04839244859125065,0.05300518766519577,0.05211680780238766,0.07026939994811891
JT,4953,0.040539291905201565,0.03451544465533432,0.036201218462899344,0.03803159381826017,0.0403406555179014,0.035793017840683776,0.03726566127462488,0.04630841066642101
JT,1005,0.10015350991919815,0.10520711421155517,0.10417275299958684,0.10702971344185488,0.09527962350425769,0.10253673499367508,0.10666001413352974,0.1719441650938011
JT,4044,0.07430102799926365,0.07850566136003621,0.07809546757976506,0.08187329738870906,0.0775177249531341,0.08228447224994545,0.08036360125935421,0.11946887433445731
JT,1064,0.044624947595178065,0.05470480319137302,0.05752240987882232,0.05335175861357757,0.05613059881399919,0.05254245127753032,0.05602393478138557,0.05991918635232663
JT,3663,0.02510266601309677,0.04302820303536125,0.04027758666661702,0.03671515377172595,0.0392349045247943,0.044596589807858925,0.04215404885598142,0.037701302509052494
JT,1707,0.17657833752092353,0.18802969571950684,0.18476943800608608,0.15141191383558372,0.19587750124489625,0.17225881383631733,0.18701992424843258,0.25083666300306684
JT,3132,0.03195144477019469,0.03881610255165178,0.036907514966787916,0.043617767812967674,0.03643488613882701,0.05288004274097353,0.038594429374743396,0.045287065338095275
JT,2698,0.10180228888538273,0.10947759260158915,0.10788329249007751,0.11633580297451016,0.1109468150699405,0.08906937219024379,0.1068521208732242,0.17780462767026947
JT,3535,0.04193521722480072,0.0410907115755633,0.04270876148301496,0.03815449760723598,0.04493933880182963,0.035770765761942644,0.04355539909339286,0.03275112808724884
JT,4824,0.04981087013535106,0.049357419878481544,0.05041888824669295,0.049707964671493535,0.04707929209210383,0.04707845890832021,0.05078319357536636,0.06367371090206489
JT,1574,0.0911462628054469,0.0940400171020216,0.09546779481388415,0.09151040275004432,0.10006201430228462,0.08876875029093383,0.0957479470346792,0.14975433552763356
JT,4107,0.04683189859310516,0.0458014120489413,0.052044397588801056,0.04025234148091289,0.052778982990292225,0.06670171982085915,0.048724190743517116,0.060933015966209196
JT,4469,0.1851410630480078,0.19906115796311702,0.19705333939788955,0.2172635650137806,0.20867300263451974,0.20516250131818442,0.19917644214000915,0.2760894983509996
JT,1864,0.04743727143529485,0.046221841148248205,0.04640865916896834,0.043945707241284805,0.0478157514677731,0.047975472414457626,0.04771783995472686,0.06317429924329189
JT,2152,0.024930239474239547,0.03070384695890937,0.028775164376664154,0.026804977500289658,0.0339009870549443,0.02640382471028959,0.03090072888339894,0.027433091427728245
JT,2678,0.046925457112172546,0.04509895061102884,0.04631299867881365,0.04442928066290256,0.042966951476431064,0.04678320566292575,0.04687656260562476,0.06358323756880077
JT,2730,0.10616012199816272,0.10870582577364613,0.11026202939750093,0.10898353718008881,0.10902633394190221,0.1135310973657045,0.11060908844795597,0.17685080470219197
JT,4893,0.06595452230761725,0.0690166067501803,0.07262898645489024,0.06748038241224989,0.06716625040944968,0.07498217690883409,0.06955977030645152,0.10874304635452944
JT,2084,0.08923308654039425,0.09770555748110338,0.09385074581237814,0.09051395065510683,0.07579570173142584,0.09781165287665279,0.09336481838952355,0.1363854367958312
JT,4015,0.0319482983115291,0.034171754070142966,0.038935090995852246,0.03750132419721519,0.0341825850607221,0.03431908364917649,0.037279690520698044,0.03777272895975482
JT,2036,0.05284519452286259,0.054559049536412406,0.0517200513064534,0.05100757095532907,0.050260917378970274,0.049432366407314604,0.05224475344964381,0.0756952427514225
JT,3846,0.06044591829894487,0.0629981588454677,0.06289694289470549,0.06053338569032423,0.05898985718517449,0.06511804614228697,0.06476376843932495,0.0969629648798362
JT,2561,0.058038455617111316,0.05442879571797191,0.05236318921134061,0.05162336721329456,0.05642850023426382,0.047974730660995626,0.051007565509391554,0.056837397863715965
JT,4697,0.04848394664466565,0.05560440965392856,0.053056212427008434,0.05674820384562897,0.051677228731131924,0.05134382182131825,0.05403528606775335,0.07917199303148774
JT,4775,0.07786807580368903,0.08411068029758068,0.08321174322803851,0.08131630205059091,0.0838173109805913,0.08500685366831297,0.08352842408462285,0.13689427963773626
JT,2899,0.04664203920476256,0.04280088895315322,0.0495714852095035,0.044183180117636854,0.05459430247581012,0.06288659060317099,0.04782330857440512,0.046230313549718995
JT,2629,0.05852004751648791,0.06298391093772247,0.06434257145798025,0.06184721638587693,0.0651691690829239,0.066449629552991,0.06516842322772505,0.09340552713023685
JT,2236,0.04692790997467043,0.054645850074709075,0.0481304560209203,0.05204235789094293,0.0446191634258696,0.043794439554880084,0.0493653963859716,0.06685389147172069
JT,2003,0.08086692308736353,0.0864153432810985,0.08823868082731154,0.08611951121836045,0.09031684636998395,0.08309074278310742,0.09059742950660424,0.15044823745229677
JT,2978,0.041285216560678024,0.039102166458435575,0.04055525155203474,0.04300827791024686,0.03865183471304351,0.038817017083403016,0.04163987661253687,0.052949815068895976
JT,2952,0.15956161856077228,0.1723067864059762,0.1689866592210694,0.18983461296925067,0.16507809908241494,0.16945420918959608,0.1707731214452641,0.2518038018189014
JT,1922,0.05379317922265242,0.05580436615353027,0.05564741592515751,0.053790721607562944,0.05021563638245644,0.05711020289663974,0.054086135087316085,0.0740537202988204
JT,3986,0.08567053143725194,0.09183575134630885,0.09439386793701895,0.10001107549934245,0.10293290988732573,0.09046092436689397,0.09568516797881012,0.14100602615799485
JT,2657,0.06338691122474288,0.06493856600840063,0.06312905379733354,0.06325209739982597,0.06208040536833239,0.06351058133061684,0.06515860416761082,0.10171860438066269
JT,2608,0.037902136465122305,0.04243603341423229,0.046006115245784795,0.043793287328638034,0.042225358724019946,0.04680403211862441,0.04512374960594951,0.04680016943358383
JT,2226,0.05793752092037428,0.06423831083150369,0.06494249875512742,0.06677087976958687,0.06638879794051082,0.06389587993176454,0.06620418821849626,0.0988790073175514
JT,4418,0.029939556211874142,0.030492774504652657,0.03342789744337197,0.03396571707596598,0.030985105569517023,0.031246056246438867,0.03325464173571667,0.038777491282590046
JT,3598,0.0678446260032631,0.0672739558961051,0.06733267743780126,0.06981398147168061,0.06936490042453959,0.06427414349913077,0.06815604421639966,0.10459506247567127
JT,3136,0.03628511596948325,0.044110328585930635,0.04183282046028376,0.03954772682740799,0.04487713396444329,0.04773561114688679,0.043314468792523965,0.05610734305402297
JT,1122,0.07764918319789356,0.08168717452553315,0.080358588794211,0.08534734905988715,0.07931766589510265,0.07976555990017989,0.08222136782258735,0.12591838844402375
JT,1938,0.035810891478156755,0.03887973822847143,0.048080478501867266,0.03857365817225705,0.04500199118594458,0.0493195144024081,0.04661698048551267,0.03727140165576826
JT,2812,0.023681445359113547,0.027161240881457695,0.029439154794914237,0.032157244934797255,0.03454027874885776,0.02901790756497537,0.028844140516024925,0.021899971877525633
JT,4164,0.07056957946463091,0.027521764813249503,0.02772308284295695,0.024813582256472202,0.03798175911137802,0.02674046780063754,0.029045860482388122,0.023977942026093962
JT,4207,0.08516865654936853,0.08588346859170348,0.08812478612520012,0.0886411132125429,0.08393570797017244,0.07692009486039227,0.08852520251442152,0.1292136575107481
JT,1728,0.0508081110012608,0.05190867542533086,0.052169315770341916,0.0556406416670727,0.050663414726151566,0.0556711431022297,0.05383273999002108,0.07541846735489754
JT,4763,0.05643681586013898,0.06386767864606849,0.05921948002941231,0.059555918124139046,0.058618646344334745,0.059946083324716314,0.059473983369348074,0.09074791685583797
JT,2786,0.05692009411992247,0.05680447212274396,0.057723412266687465,0.0591519970073768,0.05814751534016117,0.05719814729803759,0.05955133881621871,0.08782557197561772
JT,3267,0.07976811217082495,0.08549871803964841,0.08369819681334707,0.07702837246589803,0.08480267973249059,0.08099377118826742,0.08533498596577185,0.1392001535048391
JT,2233,0.12141081969368256,0.12526975636715998,0.12437349941216466,0.1336346711044968,0.12663014922374605,0.10960661825550584,0.1266235207954292,0.17548614512492047
JT,1742,0.08358981831676535,0.0848166116177211,0.08517005764592145,0.08448778079012963,0.08534761702021582,0.08335528198140431,0.08372681448028105,0.11846509238039359
JT,2072,0.03972401051257973,0.03612459324011241,0.03861030516951055,0.039096583015733384,0.03964598672049288,0.039441786133552856,0.03965073532036431,0.051179310565221625
JT,1705,0.07150326564263695,0.047127080668888835,0.04789851677770424,0.04266950638763529,0.04415057234619614,0.042379237128776476,0.0451405252267846,0.05946535063485475
JT,4815,0.10159209471455828,0.11231401337745948,0.11207962410912091,0.11726851399589912,0.10744077261728824,0.11127810512912412,0.11341419802173437,0.16687114802349898
JT,1717,0.07572721944240238,0.07474265517626974,0.07717157104806986,0.07445521908498749,0.07112638568372365,0.07127617393457045,0.07454943700723467,0.11706205823280484
JT,4583,0.12492491842551236,0.09960701845122141,0.10137523065140108,0.10906256427124444,0.10282925771928308,0.09008168558311283,0.10216316044905352,0.17118091391307586
JT,2920,0.0704521280245268,0.06524115337862077,0.06698052313578204,0.06250736239719497,0.06598584313789056,0.061714820391940914,0.0658931764469885,0.10318104354222982
JT,3475,0.041347772333505145,0.03410787623940969,0.04024827085826865,0.04036827291090507,0.0337944631716231,0.03661571907085209,0.038420084854040214,0.036464698516371435
JT,2537,0.10687384061296244,0.11660441600562606,0.11428447590159095,0.11643164713986122,0.11441823450834615,0.11947921097769769,0.11660358933816246,0.16906788775861278
JT,3207,0.07804482230268954,0.07858010131668662,0.07964495939269144,0.07843690789370415,0.07807478189949962,0.0795313258918546,0.08048245156698612,0.12079098966672536
JT,2648,0.0445734255611533,0.04555898694226406,0.04821870469386169,0.04343025883466183,0.04285863675946834,0.04796249402855334,0.04841662915343129,0.057324291294913086
JT,4058,0.01852577634243562,0.020008847521232838,0.018909993979595772,0.02471274291756864,0.02707278497449837,0.01902781351985401,0.022343803766309574,0.014255967879812034
JT,1405,0.06830362576897721,0.0770662202741141,0.07939261650998893,0.07463147586408252,0.07458582205599809,0.07401074549666393,0.07876873620878824,0.12403093921600547
JT,3894,0.16584306565037246,0.16555702233729844,0.1616040478613792,0.14966958540363068,0.14380386129753317,0.16738995917917696,0.16358105275589285,0.24360382844748926
JT,4545,0.0923214355428118,0.09697156065112196,0.10216468011573034,0.08536510722484904,0.09688898851728171,0.08637628472098532,0.09895505382951178,0.1635560633697341
JT,2756,0.03469745542766103,0.031370307736644044,0.03348196595608779,0.04113777632954522,0.03386404026722422,0.037883779741064424,0.035568339417621275,0.026075378471641326
JT,2422,0.04689811050423715,0.04762743209129804,0.04614043644402128,0.047869581787213115,0.049049556105867795,0.04441499348258898,0.049079372491737494,0.06900284468819844
JT,1437,0.07635638093130498,0.08078125202146809,0.07970510429857974,0.07614458560252967,0.08458859414162642,0.07810487886317609,0.08086290337381252,0.11742002116882562
JT,1263,0.03802845695407598,0.037719363396539383,0.03438744637906839,0.03708282361722268,0.03514872145688886,0.03261486456240505,0.035632025938958214,0.03973169303660679
JT,2586,0.031176617326086318,0.035744357987830155,0.040728638742321244,0.032306593444879364,0.033969848009206306,0.03502396191596014,0.04046296121049116,0.03082409213846054
JT,3384,0.10136815094315209,0.10022938591643972,0.10117889844351434,0.1019871594541811,0.100484984838136,0.10062238858104021,0.10194338425512565,0.1507980409568218
JT,4230,0.1332895807397972,0.13834455007583316,0.13656943436715835,0.1270931143135385,0.12875766310964526,0.14089994482802567,0.1386432073566999,0.21767772867996413
JT,4011,0.08133860662862016,0.08274348161820794,0.08031660941711952,0.08903782700735315,0.07630569184086418,0.08252305336577931,0.08042880758237604,0.13307732650767737
JT,4790,0.03840712831847589,0.03641607080930411,0.03777812840863434,0.032295399025029224,0.04371206470652238,0.04024543769557713,0.038534964300820526,0.03362742276745215
JT,4996,0.09009051931215245,0.08875064560763164,0.08952936521985295,0.09388134472725505,0.09269920760214273,0.07766409996633417,0.08874004647247295,0.14410481414004062
JT,3286,0.03562311398747806,0.04063178257247067,0.03714660573942752,0.037388261571308735,0.04343991876257797,0.03254321994617277,0.03856625053579596,0.029065035201022993
JT,4782,0.06463230947802201,0.06754118165350019,0.0679693506269046,0.0720003190594993,0.06688877885945284,0.07076043892565478,0.06967572666972024,0.09651461472145248
JT,3718,0.0590339595363478,0.06787611936604923,0.06505902789159301,0.06658908794096183,0.06612408242656072,0.06324478493691295,0.06433738491696692,0.10073252074342891
JT,2183,0.0679325123606621,0.04330485260879479,0.04325347336651451,0.04061401450514343,0.043621072259265536,0.04204604237599759,0.04352180420283842,0.05777235775555443
JT,3926,0.07686079132993942,0.08623231436971233,0.08332708927481848,0.09012495214878934,0.09021553231382329,0.0824497494877579,0.08593508215568973,0.13707525855508795
JT,2767,0.04586254377755482,0.0483169616076626,0.045918470183504784,0.04759708666543976,0.05055255990917203,0.04731553416203439,0.048159296791013224,0.06462972752863745
JT,4930,0.05665751769019084,0.05936519989267545,0.05915455775329988,0.058453953796990206,0.05931337074434883,0.05841211836774094,0.059785176849852975,0.07775310001918674
JT,2812,0.06886999839170577,0.07308150021943736,0.07307228632737056,0.07265858456761116,0.07110108614223533,0.07251498234140902,0.07471737223941717,0.12148280172513119
JT,1930,0.03971202247481336,0.04918653427601131,0.05116440365169509,0.05046305931004746,0.052894948938085676,0.05143681619704416,0.052111022278763706,0.07228150332006025
JT,1225,0.024370314924564717,0.03419347213187232,0.04344689436673536,0.03745441985543021,0.037308295532844434,0.04486300887079672,0.0417796587081877,0.03875946420875186
JT,1140,0.04464405997283557,0.05258599281116331,0.054689520113193994,0.049038456558985075,0.045099365318690826,0.04198843811913861,0.0481573048263717,0.0391429426965936
JT,3050,0.046078143549103154,0.04686720942853794,0.04736595092132496,0.04699186159582671,0.04862116637085795,0.04988319543252856,0.050165058285938445,0.039091618675913105
JT,2073,0.07842211539085323,0.08673863508656181,0.08573773567963712,0.08414680197792163,0.09072851362748692,0.08977654269493668,0.08628947228193148,0.1278483445366254
JT,3575,0.0632526632372932,0.061580899790276075,0.0566898584456991,0.06377817204270005,0.052066019395233816,0.054962979349477276,0.057284536638864576,0.08585118928348305
JT,3257,0.01697121964100073,0.019675761821956312,0.024616975376219836,0.02530224181971318,0.021086663911293137,0.017416565701830217,0.02216171177442066,0.014131161439458098
JT,3743,0.03954197557814671,0.04631348166111693,0.04518334839057419,0.04797439691360858,0.0454015920975647,0.04328446160433622,0.046881753389503907,0.05494924540915451
JT,2283,0.03633724218753618,0.0452711572438608,0.040872933820928686,0.046362374839846676,0.04134382608322811,0.04104903471438858,0.044850150336027,0.0365353876796493
JT,1148,0.043432090348510005,0.04849218349277183,0.06218607325292999,0.04493934250883686,0.04713559529653968,0.05141474139726108,0.04788843883583233,0.04251251817267606
JT,3555,0.03392472021137063,0.03446952390805239,0.035703040832355204,0.037306260856974964,0.035307273702966706,0.039824919627393096,0.03601669733947288,0.041736651865237645
JT,3749,0.0834086047862613,0.05429618764620352,0.05445321912681865,0.053174124697426974,0.058744826492842926,0.05465785567382067,0.0540196094361807,0.05989881320850469
JT,1010,0.06510038541598777,0.077380582821694,0.07818196518929331,0.0696884559063229,0.07546391397973533,0.07995229343774381,0.08127122481463153,0.13252927635043557
JT,1333,0.03138547783608782,0.039677091380298755,0.0346208304306087,0.04053973814950997,0.034408974736545736,0.03338390475748619,0.03783394918364905,0.04076438346568211
JT,2932,0.08744316314241245,0.09231022062358574,0.09163848187877723,0.09554728255060188,0.09663830175143535,0.09181966999962567,0.09377165172883073,0.15682202326581557
JT,3773,0.04078967148760277,0.04355771557587246,0.045143090596512746,0.0480215137284915,0.04696866193357136,0.04788546664267362,0.04556952131894281,0.05746963421479817
JT,4386,0.042775175735229466,0.041057499870625604,0.037340275669818304,0.03252782769769326,0.041947850837292217,0.031672334167185144,0.03904718094074931,0.0357833063231581
JT,1898,0.06430824800795354,0.06720295365703378,0.06851959234457487,0.06791087920308263,0.07161351461552501,0.06710754262211902,0.06962221865970507,0.11028001687132984
JT,1699,0.08020162840720209,0.07951365361378679,0.07895048836552057,0.07351975746440455,0.08434265239949366,0.08043738508046254,0.0809993545430079,0.11960734215391716
JT,3670,0.07668180467148576,0.07940581349280988,0.08057378497855255,0.0792409345862972,0.07749662435616606,0.08551481464613578,0.0815744454040522,0.12282580323853029
JT,2392,0.13316747181077454,0.14082934008959647,0.14210822642131576,0.1373733837949427,0.15325491801196509,0.11787300282561544,0.14196511318822178,0.20113623250878637
JT,3375,0.05942330553116983,0.050751053638379874,0.05158532048219474,0.04873709723924186,0.05039831263823183,0.0532707765850656,0.053096694789533744,0.07478982367705389
JT,4256,0.05975484506229595,0.05857559575627228,0.05908166565627348,0.055609658887069244,0.06583947171198096,0.06589606262053575,0.061640516612646454,0.04892116385786337
JT,3425,0.05472395221239431,0.04784034627852875,0.05225003572469012,0.051293330745591774,0.0507146539674166,0.046824058051795334,0.05089207248210858,0.04214252528152898
JT,2444,0.15563985496445631,0.16696534551675749,0.16445730863657151,0.15846549643013794,0.14797475871566498,0.1674094903728499,0.168159266428512,0.27228515036808937
JT,1077,0.08108453272028843,0.09336836219081966,0.09082313944598419,0.08762591842263102,0.09279029399418601,0.08428885313311937,0.0918460873576523,0.1430110872225658
JT,3500,0.1001085426750682,0.10826624141784728,0.10688747752879876,0.11562078774807742,0.10792629413679282,0.10934769679643402,0.10823840969499439,0.16933907790955693
JT,3014,0.07868339802085281,0.07964803929442768,0.08188630841385304,0.07475927959041159,0.08217997214186008,0.07562969165796095,0.08410835548111188,0.1375663036216035
JT,1143,0.13138977968887594,0.14110351095011078,0.13857982833133267,0.12779776990580047,0.1508630168274545,0.16020070294317457,0.14119360402892536,0.227371344811316
JT,2952,0.0856915911052434,0.09951055388486772,0.09608720407204212,0.10282853412909126,0.10609335961426108,0.09748940597302548,0.09853397885888647,0.15413009206349296
JT,3453,0.04670704141728912,0.048976884877736354,0.05244160852054059,0.05682418162127021,0.05220241181074316,0.05275170545016482,0.052037030050402444,0.07341156249355198
JT,1788,0.13087675827386688,0.13204866008114202,0.1296926426713824,0.13737584657507224,0.1368133604003331,0.14031197631962306,0.12957662151161037,0.21054296725581434
JT,4896,0.058365228013034065,0.06306848988340676,0.06107334456903837,0.0548835694936208,0.053879559980342856,0.0603429695168421,0.06152569230721626,0.09214316550676904
JT,2651,0.041626498262109596,0.0480390830782634,0.05146721931617138,0.05297350672403517,0.05729793180142845,0.048360120625482166,0.051330848189279875,0.06651576308676363
JT,4170,0.07003445299547108,0.07468334927990822,0.07518383787136325,0.08158683221683914,0.07399608506838712,0.07949856273632575,0.07705236609730755,0.11919464085431895
JT,3621,0.08516750722610612,0.08935574121770386,0.0895266597357755,0.08215609424806108,0.08046428792635944,0.10334972095807154,0.0918143439556278,0.14668746960409995
JT,3830,0.03520084291597074,0.040124727335626505,0.0453367763980251,0.044957907279375216,0.04624955389535051,0.044052382086584956,0.043681785326891404,0.05375856111367279
JT,4089,0.04553809886004972,0.02178754270289288,0.022865827035944322,0.0268996640898587,0.028215819157182277,0.023788815884785094,0.025767475763799997,0.024989259499866925
JT,4890,0.04137010311628918,0.04879758298046087,0.044606746230355925,0.04499718824539725,0.04354508358518842,0.04515767566040269,0.0449502917704341,0.06014807580003587
JT,4710,0.08664461503047845,0.09343760375224756,0.09158526722527667,0.07706922222048702,0.09313597801560206,0.09401937514626484,0.09394137605984007,0.1475548186168696
JT,3105,0.26196256496444953,0.27773502100094255,0.27309148842646563,0.2382268388089971,0.25849673526557176,0.24170751698399345,0.2749416839979104,0.38644299507796104
JT,2762,0.05568202370631747,0.057716259375448734,0.05272420781998171,0.06032400203183698,0.061075087280706826,0.05697766959398695,0.05900517603420711,0.07736364277880917
JT,3170,0.03934581519917107,0.034528472389745414,0.0381195398291077,0.03587666518992042,0.038451162554061905,0.04023001861791492,0.03996704699842153,0.03553024533994928
JT,4697,0.11078874847734656,0.11885011061357602,0.11700189866790738,0.12367145891410078,0.10710562871033825,0.12710901809647482,0.11781607190125547,0.18743612009860444
JT,3497,0.10452366465754818,0.11558351341142387,0.11187871566488192,0.11309255224296928,0.11522190211670402,0.118079013349271,0.1135043027360936,0.16176097444063295
JT,4198,0.04172106164279083,0.04037657632157775,0.0424739743202882,0.040799243524432593,0.04274423023168578,0.04159095396598995,0.044261180543115855,0.05496586851950932
JT,4286,0.028987024956687226,0.029594640985388377,0.030434582865513142,0.030777792883503647,0.032405503767791874,0.030166499041154673,0.03182029119388791,0.03669336912480846
JT,3222,0.05594634814945134,0.04767349483477138,0.05273296684383101,0.050192340159009044,0.0461384578097969,0.059529179505932665,0.05059760261900551,0.06716609978448218
JT,2159,0.05271069391213358,0.02734165677271983,0.026928921115759202,0.02486373196569817,0.027075443038816625,0.02666028544266054,0.028695979621902477,0.028333620888837088
JT,4165,0.08602945421395512,0.08845455360774888,0.09074064355042272,0.09271785175587283,0.09013875339340055,0.08449620106896527,0.09094686586754494,0.1265370699308233
JT,4161,0.09302254007577329,0.09713744005051572,0.09394503480428093,0.09498613396176746,0.09775476771013569,0.09453549336475325,0.09647039320705524,0.15478372322853426
JT,4396,0.11081905300470603,0.1218644859195062,0.11858654953279545,0.1236043412514878,0.12039142037648054,0.11572314782693142,0.11976009357912072,0.1660003084871112
JT,3704,0.1507231400833774,0.14878823485133802,0.1479702350297896,0.13587598917922816,0.14479615498905496,0.15372671718165604,0.1496903929115236,0.2364751780741082
JT,1838,0.023020329420371428,0.029085704320436296,0.026822183507379936,0.0319112413806996,0.02696097993789573,0.026526736824669973,0.02912742891062768,0.026221712275621614
JT,2609,0.13288460596156212,0.1354568574098406,0.13420802521034308,0.14593617540478965,0.12695142247808763,0.1417640206001574,0.1353665828889061,0.21618151021290896
JT,4745,0.05053333462136293,0.05673056342862504,0.045543497658685546,0.0422914533819801,0.03957605782342293,0.040980032289562186,0.04041081623612824,0.03478270895408383
JT,4431,0.07789727269186801,0.08864723926492037,0.09081181122761893,0.09763310187020434,0.08466928178841078,0.09342693073853928,0.09043712924043454,0.14768483623880915
JT,1426,0.03993527169380117,0.0269908237602977,0.0358942748531049,0.03997636716068687,0.02972621516396255,0.03597869835318675,0.0369112801284021,0.03502350298370692
JT,2219,0.06392707180278041,0.06317198470185507,0.0643652383673554,0.06473088578798453,0.06256588916890811,0.06037410105384651,0.0651155843881035,0.10097343605579956
JT,4550,0.11315280014640104,0.12110332213864848,0.1200289515495743,0.105718765870182,0.12892523043440418,0.12676821676971256,0.12194078587289847,0.1917824635866758
JT,4448,0.04306090179522405,0.05214221032731554,0.05185352761668739,0.04811424408029252,0.04529281623166863,0.059611237802977134,0.049217293164122114,0.05318359885450609
JT,1597,0.05316744539396327,0.05951289921440625,0.05714618707856579,0.05887751638227526,0.05937929229151934,0.05759654714458436,0.05887808479630249,0.08982717458985079
JT,2338,0.09819345289072581,0.10337037112849068,0.10465163643934833,0.11124987321725982,0.09863501183358259,0.09769145624588911,0.10544889178758915,0.1641545655259787
JT,4685,0.08289367541017192,0.08005423064051045,0.08010804959922584,0.0773117131846761,0.07840184643197973,0.08068570441388634,0.0821987893833352,0.12673427606388518
JT,2989,0.1174306733531081,0.12435847294172346,0.12251740600510781,0.12883018847313624,0.12839603131295296,0.11901462464466502,0.12459743383216562,0.1719183598288721
JT,1097,0.07075792741164184,0.0781788049975174,0.07906145373752814,0.08152743549322253,0.08487790793800006,0.07888505475137003,0.0814955424965697,0.12445909793008575
JT,3313,0.04001431895603782,0.04352467943803624,0.04635520117451966,0.054234635221693236,0.04338673345330051,0.050897371074171,0.04846870393070948,0.0630888058486219
JT,4527,0.03509273171610326,0.04232230984310347,0.03870964168102477,0.03833808832184899,0.03785671271779821,0.03423007624994833,0.03897313169458255,0.033744698320615815
JT,3578,0.043403654154395496,0.046408641172341156,0.04308133347117315,0.041729275408449076,0.04159878790573024,0.042016533183016694,0.04459831117752519,0.05669621978947027
JT,4004,0.041429411013214595,0.0446454227121145,0.04623304541880584,0.04942330093897367,0.04700279177549073,0.04627243669095277,0.04825123726394648,0.047210906381521554
JT,3523,0.1050477452243145,0.11534342489985591,0.1119751434398958,0.11700962169718011,0.10988602018069255,0.11904544309823818,0.1127753379896342,0.17908829613290833
JT,1183,0.027705444556577124,0.033645245765901624,0.03141619653574475,0.0313383095405328,0.031937462836979076,0.03126808118437681,0.03318927763613429,0.023755990018070886
JT,2720,0.04743127877625096,0.03867232791078757,0.036470401851188404,0.041721631787140695,0.03681496351258693,0.03155229869867454,0.037444234620706666,0.0315137062082766
JT,1837,0.11379335729551189,0.12136474880528215,0.12238052878466338,0.1318272636663232,0.1038659596567177,0.1168564004145048,0.12299941070285843,0.18222073467907066
JT,3243,0.03487745921175414,0.03171962658123815,0.032422734272392104,0.02899475599603821,0.036497730178545726,0.02811461200997147,0.030786942823953074,0.022121099579709758
JT,1675,0.097214152000292,0.10755621659991103,0.10568641238412306,0.11089821572145513,0.10370242401891362,0.11029529795055014,0.10688465283794599,0.16467775222367034
JT,3046,0.11457003501205215,0.11850670839485032,0.11746111105128271,0.11990436412805679,0.11364019300027951,0.13163681933850852,0.11980805310238143,0.19988675325405125
JT,4206,0.03754671663442591,0.04118378258032545,0.040767084925679674,0.04541102561709529,0.04979353384054476,0.049304689529298916,0.04491465431482389,0.034380186010578254
JT,2436,0.16725071377646888,0.17692801286643395,0.17550048205239138,0.19172358436200748,0.15380120027108105,0.16727980442398668,0.17605177369808842,0.25849117592686416
JT,4910,0.0537152365193299,0.058757502781614304,0.053265367442579765,0.051603421739852245,0.051360296477393694,0.059008566642777135,0.056051873588964726,0.06695034806273836
JT,1952,0.04988649148109566,0.02971399247558467,0.03466450129914965,0.03749807419726653,0.04306867049272849,0.034958612348818724,0.03559781607604479,0.03525149686357031
JT,4621,0.053433561103242724,0.05657679990471292,0.06030694904968711,0.06011353801471519,0.06037827326410447,0.05361583704357668,0.058080680863885806,0.08556976139773007
JT,4236,0.05130112101500391,0.05933674907452071,0.05076325127981521,0.04931479373565119,0.05421474774578463,0.0480729126677086,0.05246359630222213,0.07453141414042481
JT,3438,0.07348073273203473,0.05284956663252584,0.05769883611211382,0.060746754199387604,0.0581327891674983,0.0585480316221624,0.059832331393961935,0.0731754204066845
JT,1743,0.16537041869379127,0.16768598920811442,0.1649930830454267,0.16932734996619817,0.1674231426840842,0.16236467066402951,0.16731018809478584,0.22667717950476834
JT,1859,0.046382942739509735,0.052524474174320816,0.0533570993115674,0.053549267706325766,0.05630168166546075,0.05400069132627631,0.05528796912884531,0.08067038085355056
JT,2161,0.04363617440378164,0.04011876983454476,0.04133493652115198,0.0446420554170236,0.04389508415388478,0.05112695940398936,0.04288776077230038,0.035634845498097215
JT,4350,0.035700597322583384,0.03664074251058776,0.03599527408446085,0.04084364228259964,0.03587625708480027,0.033987807876121434,0.039606312231919606,0.04489553348856445
JT,1312,0.07799532042926748,0.08253008951273841,0.08293155934660931,0.08510285772209528,0.08600910211250673,0.07489590718638797,0.08538644714040883,0.13938067860659054
JT,1418,0.07356758211110047,0.07151767355649256,0.07567805417859799,0.08378865729306259,0.07631233553480918,0.07267413086688569,0.07529663724048948,0.11278288199528111
JT,3723,0.04460595685824559,0.04771945288435865,0.0463475080287734,0.04768540937762277,0.04306479801618397,0.04860747888805578,0.04775968662759702,0.06446873374861836
JT,1423,0.05141310403559081,0.05329936775644113,0.05474767451902194,0.0519348778869658,0.05098574276330564,0.051777969739832515,0.053557052890102055,0.07559071417829102
JT,4801,0.04363573712459914,0.04580212892286545,0.04663725518357261,0.04846364788800874,0.045913590892788854,0.045760336897250564,0.049204607075336276,0.06849774676642927
JT,4624,0.04579407536669145,0.0648530564199528,0.05833738616175129,0.0456736603705221,0.03767084326094854,0.05586358053207176,0.06256735957444845,0.04132896958121467
JT,2932,0.07365868509508368,0.08462753055701948,0.0833525700619812,0.0841072091663022,0.08392804829135891,0.08271756340769265,0.08450261961192485,0.12998107863113117
JT,1652,0.06324521591979637,0.05157991325671807,0.04574635923458403,0.04647504763817731,0.041668077897855885,0.04396025248426967,0.04713831361227987,0.0511473851277253
JT,2880,0.06699945675786087,0.06989831348074729,0.07007286196809887,0.06879945709884504,0.07435235110941392,0.061996402815382684,0.0706248865853588,0.10766053032961131
JT,3610,0.03572273016597142,0.03719246442598854,0.0395394910704541,0.038930517180563465,0.038081479094903004,0.03760786211835992,0.03968228992916563,0.050142440327290635
JT,1601,0.16924924424497248,0.17929065540772018,0.1770472368106765,0.18087651011919473,0.19699551084080955,0.17499289458188866,0.17908449875120486,0.2701411125046641
JT,2335,0.07605818103809033,0.03619705418576189,0.03871179496572322,0.039682629962353035,0.036707816174794,0.03187682504486844,0.03757817051889902,0.039561655463277605
JT,1200,0.09777650233510143,0.10363829798915714,0.10527143153981405,0.10847637288605924,0.10486535026366686,0.10541539817740894,0.10638709376028288,0.14306240767638498
JT,2546,0.02818238999093792,0.028065223378908512,0.0282562109812769,0.03061633775639047,0.03347434818786111,0.030320006065642766,0.029863686573778723,0.029975722413495057
JT,4631,0.028685955826248298,0.02632492315981564,0.03020419045134219,0.03179576226601629,0.035696749762536735,0.03065495688876202,0.031203087767561793,0.0322198785752044
JT,4127,0.043463065032226585,0.047027073974535094,0.0494611594120459,0.04444775467248651,0.0479030043898205,0.0450894310881252,0.048975658811612394,0.0663532536485572
JT,1863,0.07055787305812383,0.06781178026048491,0.07112291071689107,0.0732679306394445,0.07442172048082946,0.07086922166422142,0.07138890429959345,0.09835532615720513
JT,3491,0.07772516335098055,0.08283301345724711,0.08266158993967884,0.09431106525974851,0.07500021199177682,0.0900618165924936,0.08508271620569974,0.13713378131593423
JT,2473,0.08890095046635643,0.09326825490304874,0.09255927274627296,0.09060496230395255,0.09496909334823313,0.0877826906079021,0.0909784759451113,0.14647134916759816
JT,4859,0.06606524419008222,0.06972004893108254,0.0704104336196408,0.07284705256384774,0.06618351681773815,0.07208898932456079,0.07121492211535134,0.11173206506019914
JT,2618,0.06230854429611382,0.06491982310339339,0.067287764370597,0.06350512908742066,0.06689157064889632,0.0602936408309899,0.06662872943185179,0.10397351187229599
JT,4868,0.044343587502177026,0.05348122485065251,0.053577180261983035,0.05443379665239763,0.058412643657810036,0.05176291091946757,0.053111648579498495,0.05736375922336578
JT,1964,0.030661816828056278,0.04637134502605927,0.0379965725946754,0.034355361738327005,0.03656849957177425,0.03210447762987425,0.038074597293336336,0.041007042550047314
JT,4289,0.09568052188606593,0.10465460761582923,0.10540867959280383,0.10064489144941993,0.10485553730855515,0.10385009904944965,0.10591125972155974,0.16890202398935983
JT,3938,0.13318933373210493,0.1346290372195148,0.13320215858117335,0.1042268948206689,0.1371410066708953,0.11688730572638299,0.13450453911833068,0.19834692817070332
JT,2610,0.05026038292589702,0.05395605084017753,0.054671721732918115,0.0506381257149844,0.056311627748157664,0.053042135337140736,0.054764470817065196,0.08046049842276488
JT,3604,0.031213056828402735,0.028310551234977673,0.031240641793037822,0.027839912375512563,0.029527097519510288,0.03276623807584593,0.03085883421148864,0.03480069018159866
JT,1419,0.06685252625682231,0.06233738911672997,0.0643343765201848,0.06403463410710855,0.06325835947190618,0.05949604503337316,0.06488791049858264,0.09492523705988182
JT,1503,0.03875883909727373,0.045813184959710145,0.04420090210600842,0.045467864865700355,0.04238816173940382,0.04549196554062712,0.04539294444796332,0.059488038130647146
JT,1308,0.09516741077268004,0.05322523553831655,0.045136379494291556,0.051248501751739936,0.042530835303099895,0.041961091241555185,0.04821005952635972,0.042094793515199354
JT,3696,0.14318358720139737,0.15349689107207548,0.15216799467036765,0.1610591188359023,0.16255704874165497,0.14286861127224032,0.15489011990167853,0.24491492122843084
JT,1643,0.03060062333718818,0.03569179706929169,0.03926635747205995,0.041355987786942966,0.033791080409023566,0.03756871619436521,0.039781914308091006,0.044783091683324894
JT,1839,0.020745033784218953,0.012779256302332268,0.021595248760975193,0.01554000374576132,0.02451059288340371,0.020191132556215217,0.019246567139426983,0.011453266286063414
JT,2598,0.2899206672754982,0.305947594922196,0.30040101726734986,0.34099944031551566,0.30917170069540884,0.3349851755582716,0.30283514220691354,0.39713024667701907
JT,2191,0.09375908813780372,0.09651573467781636,0.09594138446210877,0.08767810525555852,0.09188899234600868,0.1010291247380707,0.09665402892632621,0.15292770447789628
JT,4682,0.07866369734249505,0.08502842536362624,0.0849271484960781,0.08141737190215977,0.09095138983594404,0.08879355900909493,0.08551104106182716,0.13694393977031377
JT,2358,0.06556867874960615,0.05831225720490253,0.05479096019391435,0.054277070307170106,0.05141508020093943,0.052742627396491555,0.054296309230843595,0.07567001118275253
JT,4054,0.13849018024902793,0.14633366488306143,0.14368095646474804,0.14754148795701708,0.15340610740359945,0.15311200936739006,0.1456869672850886,0.22770459814092725
JT,2240,0.0352402619603009,0.035759535426870354,0.03720756294570973,0.03673263321407347,0.03986630205308424,0.040060671188930544,0.03887789571448404,0.04841576845697434
JT,2051,0.06059435016528894,0.07464274328168291,0.07207557751546599,0.07415660819025154,0.07122161348742483,0.07210969705806064,0.06956051953772886,0.10772651932940881
JT,4249,0.05345043086765051,0.05392133568905197,0.051119343254288026,0.053793393959070984,0.047437349596318394,0.04663207716165274,0.04957332514592815,0.06784618780682326
JT,3758,0.029463449345299528,0.035316487203750406,0.034732199465870806,0.03865366719137651,0.037162203001427765,0.03608829859793246,0.03641983339698078,0.03907860646245984
JT,2697,0.01853256801593101,0.025472595252344507,0.023965734272130588,0.024289060766532266,0.021298330621509202,0.033250478669238394,0.024481439915504444,0.015134948151186727
JT,2176,0.05857116628713253,0.062447606484936316,0.06107595872057526,0.06432935571386995,0.06589952726413197,0.06152596862179809,0.06283886637508017,0.09621779680529301
JT,4192,0.06435166598893746,0.04201424456447604,0.04306147099204316,0.04438965293351495,0.04341996345558012,0.044096331003592,0.04472517775121405,0.05920299583371729
JT,4122,0.0644606500401281,0.07020546735956812,0.069929714506518,0.07129271289656758,0.060737706929440846,0.06730576766482947,0.06802488690400085,0.1070105283664064
JT,2245,0.04728733076516588,0.049752081512758554,0.04909413923748334,0.05037442425347868,0.0528496944016291,0.055298194247927764,0.050695074029476365,0.06637846510713286
JT,4364,0.06590730293485074,0.0658854094556312,0.06805489087678705,0.06596737830974976,0.06681567425848056,0.06526090147695297,0.06789727233098847,0.10826103180682108
JT,2964,0.06861004667601654,0.05137543547037309,0.0511163317418524,0.048455764535376734,0.047776211820407435,0.04967361320764938,0.049347876310437376,0.06866795938084443
JT,2295,0.04116116598116718,0.04408180422381987,0.046312876827090586,0.04414919521829545,0.046304724488599104,0.046864725218359514,0.04632107904891395,0.06197075382564311
JT,4377,0.05374108480651928,0.06160769423425122,0.05682306351536413,0.056514267331218566,0.058413801714132144,0.0688922707886545,0.06111902736402804,0.06543570093006701
JT,1138,0.04562248977509282,0.0384011380571842,0.03831476148838244,0.03909881749516004,0.04060146899459359,0.03695544374970731,0.0403022282458536,0.05123497489915531
JT,1977,0.04613180686083008,0.05060543361613687,0.04467581381261888,0.04849512755576264,0.04381378443915608,0.04733285130422697,0.04480769359091611,0.05448647881546543
JT,2283,0.08713892348795482,0.09036421929059245,0.08990920407508805,0.09063516994991623,0.08815490599440733,0.0934054095275329,0.09125862466419847,0.13730326593672637
JT,1774,0.04599517680996218,0.04848758856427598,0.05051949859538722,0.04872772030692033,0.04574068327885246,0.053109368571845214,0.05107535690073919,0.07069157829495935
JT,1751,0.056171291074075536,0.058257258694852015,0.05942952291812565,0.05588334748339864,0.06578734008353486,0.05400765229652902,0.058505368600143645,0.08543361949465232
JT,4349,0.024007737150648613,0.03090676897923686,0.034183974207614716,0.034387809338790244,0.04520717954288839,0.033184585030322934,0.03521851083008585,0.03751183945980987
JT,3024,0.026202128298503383,0.027953951378873958,0.023651216908418496,0.025999836004937195,0.030502588224857217,0.02721630338044768,0.026421765999813347,0.02425642805548947
JT,2483,0.05062579749146227,0.04984444873529442,0.05197789379267016,0.04986972363000549,0.05266657107359616,0.052507020612382715,0.0525809431223589,0.07624109837305156
JT,1892,0.046223599971154807,0.03913325563583936,0.039531903153704,0.0389112252319836,0.04205888246462146,0.035773666473813165,0.04103277714802988,0.038527048846237616
JT,2886,0.08644495656624995,0.08769524067709217,0.0899260514619655,0.0835040271070138,0.09157668432248166,0.09354123137466135,0.09115368120045425,0.1415671770903128
JT,2937,0.026601439584143655,0.03997409224808745,0.030083606339593776,0.029380250354374082,0.02940133241908786,0.025455409327860074,0.028187128587898517,0.02774008814462075
JT,2745,0.051678460323893075,0.04686528494025849,0.04953205988920309,0.04071716417069195,0.04398410775547914,0.04175769674040674,0.046019310696243675,0.055744145307006186
JT,2588,0.04971666300479283,0.049361018304906634,0.04985437913019737,0.049470884236004146,0.047975790129264756,0.05319990012521509,0.050751505056192525,0.06913566161570305
JT,4417,0.0541667380953285,0.053369148199204006,0.0534917232937284,0.05088856334937355,0.052701377350725345,0.0550006927160744,0.052904143061612424,0.07630986888646844
JT,2719,0.075711265986316,0.07804899351404734,0.07879783503559697,0.079137634918874,0.08090218344578547,0.07327176026773856,0.07937534327766368,0.11584505901996829
JT,1814,0.1670278510816811,0.17675208508918147,0.17456233764066317,0.17269761030759068,0.15165152799956644,0.17144163308781135,0.17601296711059122,0.2529979844027008
JT,4398,0.09491995962579922,0.09732547687453237,0.0950174780459775,0.09743824879825737,0.0867635590541123,0.09650455986107853,0.09787600303591243,0.15674918943368873
JT,1074,0.08266817706872555,0.08667184859685861,0.08705082037565563,0.08157682806947109,0.08825616514451787,0.08733019140731678,0.08760622744877554,0.1297318899415214
JT,1285,0.0668719136105835,0.07172070153842236,0.07394006740152911,0.07218272710157328,0.07174876472244601,0.07159290302083599,0.075520812582998,0.12084390861781252
JT,3630,0.1145243874482847,0.1240042191826353,0.1229594878964802,0.12082848609250683,0.12125894824460638,0.12909571069154457,0.1251025892943989,0.1837833421269089
JT,2073,0.0765655177728862,0.07379664593225124,0.07446494334016014,0.07572112857045787,0.07384631629139662,0.07943642894925927,0.07661147924676176,0.12567442587067257
JT,4089,0.055806863208272176,0.054835226578153554,0.05304336339020237,0.048405283316825774,0.05055262987611612,0.04958595776921824,0.05237231899474995,0.07409758805186896
JT,1040,0.1080363599065586,0.11453350309984077,0.11413672059182632,0.1261520322732688,0.10340869811745232,0.11802203489684729,0.11692570969585922,0.1924200389673168
JT,1398,0.08714440592405753,0.08877312875004742,0.08844878321874376,0.08790870648062403,0.08582692963054762,0.0871559841109331,0.0892690886032285,0.1363414740479609
JT,2500,0.03812013752054067,0.03954095796018971,0.04083277413620402,0.043295560989594646,0.04261031326045286,0.0392791187199167,0.042409556871314605,0.05599239514025342
JT,2710,0.03339022570424984,0.04390646793670014,0.03829314502455125,0.0328180066163556,0.036937072813588774,0.03726525309600714,0.03679123998337635,0.0420754323914634
JT,3810,0.048774039451527036,0.04893902674758414,0.05022902487007729,0.054284310414332036,0.050586141502804625,0.05241342639188051,0.051803411544540254,0.07083713312813449
JT,1145,0.02379795917741333,0.045393967171686346,0.041342141488324,0.03132377762392148,0.03312512170410475,0.03550915971906197,0.038029476524505265,0.02745371301417827
JT,4854,0.028901110347952244,0.03209579749119511,0.029179096719151757,0.029557598466952214,0.032239030761437644,0.030226806478644612,0.031560831782739954,0.032737260675041284
JT,2336,0.06662649641424877,0.07133857714107972,0.07199023758068311,0.07045694448275167,0.06403436413890763,0.07102575858145828,0.07150181471177942,0.11498701071075033
JT,3644,0.04225750684043079,0.03458307575836249,0.03729602984578944,0.03450758126943548,0.04079410998971966,0.03568900515708532,0.03866615767411359,0.03536102134314248
JT,3945,0.06318877071205563,0.05292337074187066,0.05557459381143243,0.05706054716810016,0.055622297994508525,0.0568365866263772,0.05510561627418988,0.07980342972796568
JT,2946,0.03268110760213199,0.03724974665012833,0.03543069447773369,0.03710664813109656,0.03411917134981516,0.02922322379799384,0.03433328890478246,0.0287887494346526
JT,2350,0.06936004246347213,0.07265778850012257,0.07316046175018438,0.07714113241012834,0.06971445111641154,0.07189674424954197,0.07402283963060254,0.10990043384729531
JT,2797,0.06112170838579305,0.06451041127280674,0.06371043406129646,0.06642059854941851,0.06574183983677274,0.06400583672663542,0.0648569996007181,0.0967178020208406
JT,3801,0.0984602564621121,0.10664686736354216,0.10543729808095352,0.08275356412467459,0.1127270799399921,0.10923933671145881,0.10628866576929936,0.1519998959533357
JT,3535,0.06474196397772916,0.06398496857674725,0.06600301445957509,0.06550389468909483,0.0641914480926103,0.06872982808311837,0.06653697236306048,0.09826406299359895
JT,1993,0.0936828596469408,0.08074193535624379,0.08683423385485921,0.09490170756096976,0.08347691194170356,0.08733406295208218,0.08886354540892592,0.14448296503939492
JT,3687,0.037969058943800635,0.04878405433005469,0.04538655770699001,0.04443741309678405,0.04215578834761021,0.03694286541257792,0.04432204046799107,0.04478492095763452
JT,3088,0.08455775098702645,0.0860963849337368,0.08725455779391608,0.08560821081391025,0.08999325106184929,0.08711988623131216,0.08890945068419091,0.13515896997654125
JT,2764,0.07466484584423332,0.07914060030746964,0.07785924525450422,0.08007595936059056,0.08115644540786725,0.07269244274286588,0.07988417098948328,0.1292848837194681
JT,3438,0.055912046983809374,0.06250194261280781,0.0627644852143978,0.05829806415106659,0.06540561353630839,0.06061831034006122,0.0633917995039072,0.09719532255978142
JT,1501,0.0549751176044467,0.052482912984441916,0.05202957703989762,0.05756874615105145,0.05313349701814137,0.05441971738430443,0.053175024114944174,0.07395645824477896
JT,3528,0.04436397537082187,0.03792849149416247,0.03998567122901794,0.040664348352450995,0.03723770387295076,0.03679700112004236,0.041979946546566255,0.045945975228881455
JT,2664,0.03598157357422365,0.04903861579746856,0.04073228965033349,0.04038223961346963,0.043351800716824034,0.046914074286611235,0.043438774749516976,0.038187548153030604
JT,2794,0.042793438476548096,0.05300396141548306,0.05763883535368594,0.05770333553548882,0.05750161990192809,0.05268320993340571,0.0556339760542068,0.06391023233641442
JT,3446,0.07554048058994692,0.07447320544446936,0.07473752372452218,0.07268841204466564,0.07899302410536607,0.062432564624848134,0.07606598898848405,0.11569372087416528
JT,3264,0.14184003918584515,0.1530067975004078,0.14913771361244496,0.1494825133651032,0.14993589042749164,0.14624864446007052,0.150117348717237,0.2358324999999372
JT,2217,0.06662746731094327,0.05611144802790089,0.05259298260178455,0.05166010107637617,0.05112385701875338,0.05500445969513972,0.05450160497535018,0.07844222423054183
JT,4740,0.08537006451139593,0.08089261041105167,0.08185946908762196,0.08269596582281961,0.08411642463450025,0.08609488777352971,0.08207764574974004,0.1309721300076947
JT,4816,0.09412876594371242,0.09246194540526398,0.09691385079395065,0.09866155479110938,0.09491754710949427,0.09520118800798798,0.0973896200490346,0.16314723989945742
JT,2535,0.10602644530311278,0.11157421536005363,0.11139616365434825,0.11812711955440099,0.10892178916526368,0.10896789738677143,0.1122629628380049,0.1662310888149922
JT,4271,0.030321359052526167,0.029864006516088913,0.028020201108653525,0.02778279545141722,0.03135567596739347,0.031953279126963975,0.031403964444065534,0.023815343938815427
JT,2235,0.10544920595191361,0.11055738116906463,0.10718998516058106,0.11342064132654485,0.11518175601712675,0.16586272233636926,0.11380423215042994,0.17998899301097465
JT,1741,0.026233052306483862,0.03002247429851943,0.034643929394567785,0.03809368739840537,0.0360581197273167,0.0337342823986929,0.03661980038799953,0.03893732840270449
JT,4204,0.036115930429031225,0.03764501206551371,0.03897725730526169,0.03914446582094547,0.0381579635945836,0.04318127252771638,0.0410194897671625,0.05071142596303218
JT,3067,0.06637162200731354,0.05957576386237341,0.05891221216903985,0.058588720156724824,0.06165800629472395,0.05939150966773802,0.05982232033610772,0.08282710778201287
JT,1645,0.02890843890660676,0.037157554162202434,0.035934276119062726,0.033079506992860996,0.03010131674649793,0.034186325821025536,0.03530547294165266,0.03540878189365342
JT,3737,0.03025585304233532,0.030835169476780708,0.0293518540665935,0.02862661809227984,0.03304836396655149,0.036457263593114124,0.031086581294070683,0.029663661333389293
JT,3595,0.05796668546187817,0.05387078858921012,0.05168354841229295,0.049560581414909065,0.05277626894977722,0.05198906479633622,0.051546472810362995,0.06879618300658463
JT,3310,0.05464200666299612,0.042339548246469516,0.0438365021128845,0.04133275105087732,0.04880926427677889,0.046247161355244884,0.041999443248128085,0.049660435957359826
JT,4780,0.08026276908698296,0.08359888061740439,0.082746247908469,0.08438105593137281,0.08520415221076076,0.08642255050620626,0.08460714344534753,0.11723467525071675
JT,1859,0.0476136329723537,0.0514639670945689,0.05241568045750005,0.05664954797583849,0.04986575909420117,0.052900845505265755,0.053206732019809765,0.0761960681361687
JT,3120,0.03229437952065547,0.0397810749976661,0.039847569724027344,0.0500069961947306,0.038179833231907816,0.034710388724943766,0.03951454343827276,0.029335323855685727
JT,3291,0.17551058478109427,0.18229950516104831,0.18026478803517393,0.14960984119321538,0.15922593603414156,0.19541897941653422,0.182123176876116,0.2742088083904916
JT,1642,0.10595129519099135,0.1128371386581933,0.11176119973244926,0.10566342196664115,0.11133902775388851,0.10863975595413627,0.11277265279467164,0.1608247355069562
JT,4614,0.16327667873539026,0.1702198177698225,0.1692412199231557,0.17488150742823955,0.1829185043860231,0.14978882918360137,0.17050835892856148,0.24397666817468774
JT,1404,0.13256958592534274,0.14226614354015255,0.14060842524895523,0.15068335955622025,0.12791330521272778,0.13842111827538378,0.14227739004662865,0.19766668823191377
JT,2429,0.10745424046710778,0.11211277031401914,0.11237279428042968,0.11641365367704914,0.11534487245414278,0.10715310742829018,0.11240766356989779,0.16411433531852843
JT,1448,0.13727467774113467,0.1471898348679247,0.1454750917319907,0.14295902465251709,0.1512062155594028,0.15392536090700937,0.14890559141775336,0.2413144728121014
JT,2320,0.022990990771580063,0.036060986104051576,0.026683624967679686,0.03224114304567571,0.038618761892724646,0.03132757020779361,0.031329439978466656,0.023245796322556227
JT,4592,0.02205268813486192,0.026862860437409916,0.02628087116063767,0.022147388536851012,0.026350373254225522,0.028961785352779136,0.027998227419005407,0.020095968032878147
JT,3362,0.056831140700485255,0.05806880233912212,0.05762436454926073,0.06098393709246607,0.055839363188085814,0.05321010709496081,0.05950979143969157,0.09046733722787809
JT,3674,0.07142458629378384,0.07537148330913963,0.07490272046557876,0.07851670841134806,0.0764933341548606,0.07447174018513268,0.07732694702785652,0.12728188891980385
JT,3335,0.08705667727334716,0.08396769573671234,0.08561654165410158,0.08761951365906105,0.08518990577590171,0.08524997154897863,0.08876305585253767,0.14607866268205658
JT,4790,0.13096074123043958,0.13938699584648093,0.13795965583759176,0.1315403172547484,0.14946212210510407,0.1439398532589458,0.13975935929290195,0.19001917081275452
JT,4856,0.15875179905900633,0.16499131848693055,0.16315834994965783,0.1402529867647734,0.1546611315029184,0.1652414989348428,0.16490059487852232,0.25517540811923367
JT,4244,0.059465571877970275,0.06896306313891443,0.06794807325628395,0.06703918243917051,0.07047290009460654,0.06320630370696124,0.06692524483694597,0.10331743823186246
JT,1411,0.045047161262111106,0.05599510608167774,0.04768915229940657,0.052255942045572185,0.04892828155611786,0.04390355432666984,0.04916844452193387,0.06280584455818222
JT,4500,0.06264638742637758,0.07205989873953343,0.06935179127727166,0.07485824609421558,0.0662402165707841,0.0671565018240813,0.07013988070829966,0.10462856988719321
JT,3045,0.055027352716540294,0.06742470284528146,0.06431225299462429,0.059684456073393594,0.060036212933566833,0.06693191661293155,0.06473392640878883,0.09651015877296142
JT,1497,0.02589651925491398,0.03043634659550503,0.03381753663134516,0.03165292783817118,0.0334138160550027,0.027883540254251018,0.030800969664194967,0.022861506515290765
JT,4653,0.07820472606765116,0.08701231606681488,0.08613489941239308,0.07864508070821219,0.08619673935222544,0.07713558648393766,0.08746827146752474,0.1348033835721553
JT,1097,0.10792127481313614,0.11142727313319788,0.11220688912534506,0.1177555134795125,0.11620543378522181,0.11181617157506422,0.11368719305875931,0.15728483019167452
JT,4905,0.08745223057830222,0.09358863337936951,0.09340786427527227,0.09968724646846537,0.09802112968431445,0.09019047770570257,0.0952192471357869,0.1335437571253013
JT,1286,0.029394651413168434,0.03570649360604112,0.034674462799108886,0.031332047338556136,0.03518743599283247,0.03366916675964721,0.033834842825968645,0.035157812785064455
JT,1878,0.04050828441575599,0.03649617192571513,0.03865133899696247,0.02814021770744652,0.03593501067163306,0.03718612427439743,0.03628880279002292,0.032289883741269086
JT,3751,0.057218376193386454,0.0720216924884245,0.07814925844253759,0.09762384183492152,0.0749395490626638,0.07992370238207919,0.07919009397531744,0.09061628290915028
JT,1119,0.054656957440256726,0.0593762390178658,0.05635625778186923,0.05806802585489289,0.062449669187096345,0.0609814487170014,0.06004518780589054,0.09182812091899639
JT,2974,0.032958366984701795,0.03657183016148181,0.035533212724553793,0.06357239903812438,0.036497370675686966,0.030969794121716746,0.03637324185334683,0.02931638990126485
JT,3964,0.05159075511539546,0.04774125785329661,0.049471711366619785,0.04603025578866816,0.04608970773976789,0.057314527876529645,0.048982034886134077,0.06506201598023129
JT,2516,0.12438773629930962,0.1354119250851926,0.13329067564128116,0.13218260525519504,0.1449214283755963,0.12957996938102498,0.13550192082745183,0.2032793736101902
JT,4475,0.025985077801577022,0.024451295240047605,0.030304567399986927,0.03396863971287243,0.03128407954029402,0.024337649957001488,0.028227213137141022,0.020594983759634266
JT,2641,0.03316363135891848,0.03325078636950335,0.03212481876042049,0.027017597116716977,0.0322692225881486,0.045706787924707636,0.03191372972564892,0.02316696671184321
JT,3145,0.038608710442138934,0.03648350342944678,0.03668595852156441,0.037100336090522344,0.03676533266551902,0.040899095137309154,0.04115429775160491,0.04211210853062705
JT,4473,0.021487712587959458,0.02316440053522771,0.023387233600678195,0.02688765992207255,0.028240199693745905,0.02624256841680536,0.026574385923222414,0.026286229473252137
JT,4499,0.05437429682705772,0.05622013263292218,0.055806892086229104,0.05756539149955375,0.056009700242713706,0.05733939041758205,0.057248362325755184,0.0763868011341987
JT,4701,0.04445255904485628,0.03885206846352988,0.03679223388211128,0.036584872431284346,0.034819268972621956,0.03383637809917085,0.036998591250064786,0.04617881957088579
JT,1638,0.07436771758183773,0.08961446800906732,0.08837123562144793,0.08390689924918299,0.08345726099495109,0.08309818398480387,0.08859156725047716,0.1402891232005134
JT,3763,0.08076260146173457,0.08614690972077414,0.08699498859562901,0.07935223237287821,0.0885122790720207,0.08233008839289083,0.08806367891041265,0.139712386184194
JT,4327,0.05442318107982215,0.055764751021830365,0.05336515241944653,0.05415170824189966,0.06125911156906054,0.049461072863159844,0.0529857332704827,0.04329748999756743
JT,2268,0.06517094250403127,0.07098499488084917,0.0634541488688463,0.058296295409353355,0.060472192732003396,0.057657938753307054,0.06431256970797984,0.09724730359578987
JT,4767,0.047613044399808936,0.053624071400434986,0.04949559792790437,0.04807714389596953,0.046146314394336106,0.047311534018838836,0.05117065862415942,0.06903047591100424
JT,4844,0.028463157909679262,0.030522138394344235,0.035275661241777466,0.036595571155291204,0.03284318244650138,0.04270713273289686,0.03441385981098945,0.02558294732916363
JT,2767,0.051394586467635874,0.052026432036308294,0.05267797976599007,0.050571682088312545,0.05334810838034859,0.05182957818747365,0.05388676042382769,0.07483037874759726
JT,1541,0.17808115125426083,0.1854036283653124,0.18343834249854643,0.17361266143737736,0.18249543752416378,0.19193684306500874,0.1858703863965526,0.24345758168286302
JT,4200,0.03206317170493011,0.034501484238658564,0.03368125729354553,0.03644717962738201,0.03502249820177976,0.03387368238087516,0.0363219054139824,0.04396112200713968
JT,3325,0.08716269822471027,0.09171568856227413,0.09530254333804955,0.09410812091016352,0.09696584429046506,0.08840062624980856,0.09569057158061198,0.15067833639787065
JT,4948,0.166497053881709,0.17158856362552297,0.17118139213621117,0.18246002884787918,0.16967214301051275,0.18657799776902784,0.1727249657807963,0.22339872663437224
JT,1448,0.04813665926069931,0.046806481115111744,0.049353904086451184,0.04978484665006885,0.049363772578868065,0.05259651208407245,0.04963917770183619,0.06673736649293709
JT,3260,0.053922376693698,0.052191576940325675,0.04557327565655271,0.04689183352790372,0.04663137326447723,0.05434965457676061,0.04901509228675104,0.04847111764544837
JT,3639,0.03596303340157692,0.029215598378269408,0.036389188821211345,0.03827340124293611,0.030192871694980424,0.039246213718877064,0.03368941255744571,0.024850758402132897
JT,1346,0.040430088372401286,0.037110579876392005,0.03443048699400735,0.034421196222974834,0.04145894470964477,0.034637950077017844,0.03446134480862188,0.025611233067101915
JT,1351,0.12106971731726492,0.12487276476417793,0.1257269683798799,0.1282768954690379,0.13280710163486206,0.10893103108365053,0.12720834119334487,0.1778866087629782
JT,2346,0.049940700053657236,0.050007110564032925,0.047928185407905055,0.050141380419352614,0.049200229462166054,0.05462682112140206,0.05135915736894105,0.041606410483944097
JT,3505,0.11972114730151089,0.12068812352261309,0.12034735864308338,0.09547779472596925,0.11492104821424247,0.11508484490729748,0.12157948804636845,0.1919496000312383
JT,2077,0.03727501681579021,0.05342762197722591,0.047733576323758055,0.050749308855086155,0.04968230280647845,0.04967885264697926,0.04861391372046052,0.06478935743392583
JT,2261,0.06017339045375175,0.06106002047953744,0.059619006690656465,0.055568135339584206,0.05307531363880894,0.06427873358838543,0.05970149182435692,0.08737663281918032
JT,3963,0.032403925854293594,0.047727062114665854,0.04387338720458406,0.03917926257097464,0.04496313583299028,0.04670271277077548,0.043327990075426155,0.04168581821107192
JT,4441,0.05807355326513167,0.06632627604165124,0.06590535725796569,0.07093657381027874,0.06550762382126499,0.05925771263525888,0.0684363025481491,0.10306159470063286
JT,3080,0.07601337952815501,0.07700325876350303,0.0792359656777148,0.07868179116777274,0.08635063555018586,0.08180565588297432,0.0797156225465192,0.12397553441518605
JT,1314,0.06732869224749692,0.03152974245931707,0.03560003189086457,0.03439165153655496,0.046649613180394844,0.0385253122582982,0.037593961331961814,0.027545617698825416
JT,1883,0.05844113162663668,0.04723994848041288,0.0475151197242445,0.04572896435285699,0.047248638383057866,0.0703060533965018,0.05016790133383385,0.04172368949200208
JT,3302,0.03268608206463031,0.03549859063950353,0.03797569819362079,0.03642774953817144,0.04848940637794766,0.05133523142611964,0.03931526875137984,0.03269232761692904
JT,4517,0.034222553724265095,0.05000929452105667,0.03585811705964368,0.03274286639290638,0.03828505962579152,0.03635559345415048,0.035440176292621854,0.04041517902900954
JT,2511,0.0183513255279603,0.02962517049287055,0.02805607069348715,0.02239470006779143,0.025976702195923167,0.025433428008876893,0.025981571975059823,0.0207797022220817
JT,4401,0.03683066067550961,0.04009674648277917,0.039653920531422936,0.038299354502879156,0.03980907331910158,0.04064264181633871,0.040247664131825026,0.047029957279259696
JT,2191,0.0761902161649407,0.06215676867153297,0.06325933224727227,0.06300417275902709,0.06178175684031101,0.05772933941224953,0.06384237553347205,0.09491382513594007
JT,3467,0.2189049913625131,0.23539735083369037,0.23266687424315913,0.2315449590154062,0.24854981292317413,0.1988294785024954,0.2339364745730668,0.3491313126185582
JT,4366,0.07287105938252132,0.07756636519151823,0.07751890643903227,0.08189969787146213,0.07697150014676622,0.08228553721972567,0.07901677168395298,0.10683853806203956
JT,4383,0.07339395864745632,0.07276992518866703,0.07101646126635126,0.06809041481138865,0.07499991539036908,0.07315135980142672,0.07332723249288779,0.11179306467884133
JT,3297,0.02895070297441101,0.03345059927055733,0.034567666796292196,0.03713844049176529,0.038308490310090794,0.03208678743042784,0.03633152885343237,0.030178493060118595
JT,2957,0.04580947438061224,0.03566824475494574,0.03800091656594821,0.03880688341201359,0.037685435318995264,0.03881562405079993,0.04140004300523838,0.04510364565891332
JT,4385,0.09458266241346731,0.09823565323601771,0.09810784643877368,0.09371726189200451,0.09951873968290512,0.07996472589571034,0.0982684146716718,0.15362886565213665
JT,4662,0.058397152205825094,0.05873937980025904,0.058199472217113815,0.05637670572833476,0.063249419755602,0.05574200589711339,0.058053860473218304,0.08661171420900343
JT,2152,0.05188635998648676,0.03962194269247819,0.03699973172171906,0.03349069086443029,0.04588134755922809,0.03813113207877383,0.04090559272595282,0.031236731000832157
JT,3996,0.08557949594217863,0.09297325753719449,0.09208843915489935,0.08275444431122177,0.09508747558762029,0.0813081046827074,0.09379477655621647,0.14131005964877655
JT,3992,0.03880867802166446,0.039890838167056054,0.04089526086168561,0.039473637612067174,0.03992793780312691,0.038810477279915774,0.041930984749964366,0.05345336430293866
JT,1619,0.044995439506995444,0.04361363814644482,0.04399846689147837,0.042707161368452255,0.04029282983426184,0.0412808700500518,0.0441276124224446,0.058129632454027726
JT,2508,0.04155253186772577,0.04788977684648042,0.05464904876361242,0.0483042448754219,0.05289272340362011,0.040781362008630334,0.044968122756132385,0.0350181608221198
JT,4355,0.020618344644282503,0.03948529513804696,0.030736244841900903,0.030730148972006575,0.030680486437759575,0.031076583892774234,0.03012060098141851,0.02713437981382939
JT,4748,0.04535131344040968,0.05703395002466863,0.05514663482809728,0.04704378174999554,0.05358599931408584,0.04861715623278885,0.051200056325500044,0.0723311130138602
JT,2345,0.06695146467379523,0.07735675535995985,0.0754165182366689,0.06913969035424465,0.06974744538459655,0.07671503337802908,0.0750170340825867,0.10596811047606314
JT,3504,0.064409337645136,0.06935583076569227,0.07187998793408516,0.07518305645309575,0.0650085916229862,0.06854088128132839,0.07168567470602878,0.1106462614905023
JT,4852,0.02809145272681014,0.028405857735171253,0.02832090236875893,0.02950329496093436,0.03440003966739751,0.03283832069414251,0.030687682869204935,0.026590804773540325
JT,1117,0.12254870473009653,0.12685910609064383,0.1261468594886062,0.11843736876326257,0.13248542373237104,0.13283213597827287,0.12898801258000622,0.17142411778154448
JT,2130,0.09099559308771352,0.09465023181172924,0.09446359959929822,0.09515877168709405,0.10128674993511502,0.09856397077728614,0.09454618052622413,0.14743626056369935
JT,3067,0.11333064353761209,0.11956862192745041,0.1181753693794214,0.11786776205422544,0.11289130984237954,0.1290157077892953,0.1201602039523589,0.1813642489821506
JT,1120,0.03055204327497567,0.030546359466680613,0.03202901089955249,0.031720895696183624,0.037645667233467954,0.034275100040383547,0.03432416449846595,0.04150363326249376
JT,2911,0.05280955023783825,0.05735957574945307,0.05258036926375577,0.06581291544922861,0.04874306671972277,0.050636833434151256,0.0526578231687105,0.07338007022510405
JT,3012,0.023638312962427466,0.023357179753979104,0.025374120559478127,0.028287742211969814,0.02471042741889178,0.023758492270390744,0.026624994201843458,0.027518944320397528
JT,4805,0.04576364555192575,0.04940323843148043,0.04703678296663977,0.04752406138351987,0.04745153156718859,0.04870854908332374,0.048089536530724494,0.06645696139952184
JT,3673,0.1339180631999463,0.14072339290122282,0.14068537023289518,0.13935348282121499,0.14940601168386283,0.11988491900119198,0.14165148088039775,0.19261282286060735
JT,4598,0.10479889351429071,0.10987539922983781,0.11068222520164948,0.10542211061358298,0.09596729790814693,0.11378077077745077,0.11018738690143172,0.1552529935980393
JT,3787,0.05061321256253919,0.047520762804324504,0.04941852671234366,0.047049634697223404,0.04386479617421658,0.049561040433786986,0.049417513214334775,0.06836662831219874
JT,2733,0.03452535110775721,0.037900088172667754,0.03733098843816044,0.03782507893791265,0.03480690971839793,0.03653163965422472,0.03753872847445047,0.032432977166421156
JT,2129,0.018823516222745976,0.025399968621265506,0.02095818819673144,0.017782370999625128,0.028781675860837137,0.027467748389220642,0.02304494779488605,0.01520966888220454
JT,1999,0.04634931686831369,0.04628960218693371,0.04179742990203748,0.0428120528866392,0.03657700058389989,0.043821745400429504,0.04336975986250025,0.03934061617813234
JT,2603,0.03886051350888326,0.03817898031920487,0.04112050632574604,0.04199690442100567,0.035981042828638336,0.040241270048978386,0.04250087557050197,0.04664810185666728
JT,3134,0.033117579130698446,0.03869825345963242,0.04025443536469721,0.035942342534623625,0.034689230179145984,0.040724869358073026,0.03779120204019611,0.030904545442465337
JT,3679,0.04376807994608655,0.04831145145937184,0.049702851674997696,0.03704763475968517,0.05784282661579683,0.047617896510184866,0.04331209455359332,0.036408645888492
JT,1890,0.043225776173353325,0.054034844138399984,0.048880005630901294,0.05039028389485256,0.04367052689704672,0.05269990995069368,0.0527265362273403,0.06954957265564846
JT,1919,0.04639941057870093,0.0466906687759115,0.04585183699647858,0.04593983380412533,0.04439776874768902,0.042698204183168664,0.04635795873863644,0.060270390579839156
JT,1234,0.04991854201983292,0.044269829406865316,0.04380437807372383,0.04467730854325767,0.04123409544812755,0.04068242172145108,0.044375650544677445,0.058473591637417915
JT,3078,0.0735128042992537,0.07042081631485403,0.07282536275283756,0.07015607584045454,0.05819179937617056,0.07050904718558033,0.07178878699516558,0.11357625503235264
JT,4602,0.03082440430531536,0.03411022787015851,0.03484242571911163,0.036056693440734255,0.034763286885447095,0.0290383679401487,0.03605859247916437,0.03535179102596452
JT,2194,0.040570776039634944,0.04421050474191064,0.046393518694807644,0.04703641381171779,0.04262067376355556,0.046558562427613914,0.04473193512465688,0.05948372687728937
JT,1333,0.07207453891268596,0.0734186300116914,0.07640922932530343,0.07977632781449262,0.07845851823619993,0.08176941859893021,0.0759151109463953,0.12184501356856378
JT,2070,0.02342880845350749,0.028955161701104196,0.027895798473246816,0.029542081317868545,0.03003059386256385,0.0301021445765419,0.029774502969852144,0.026538381749896815
JT,1796,0.06921766529025394,0.06919285730319444,0.07135675935402161,0.06785701417726092,0.07737872213846421,0.06720894352634181,0.07204724131275202,0.10327587351729295
JT,2669,0.03616846166565634,0.04334697922149921,0.042770966666120534,0.04359258754848948,0.04540943933235037,0.045219351189776234,0.044292065922013096,0.044484984336871515
JT,2369,0.0869101661680083,0.09274889847536782,0.0934217925489316,0.08610442953224688,0.09298522408838127,0.08656894504427301,0.09328200723457222,0.12607819092968828
JT,1963,0.0890239445522507,0.09174688561904017,0.09168228764946713,0.0788868635965436,0.09074069215122846,0.08529856196154689,0.09385960639140146,0.14833574039042666
JT,2484,0.05660326904761199,0.05693284617524667,0.05731752505488262,0.06237422153353929,0.05830095473763349,0.05595239930067928,0.05848874199958378,0.08698422011402013
JT,2117,0.0557643766091001,0.06285751099072602,0.06441428687050109,0.05087072140978546,0.06545660199188325,0.06310677184081258,0.06574799222669027,0.09771004939952983
JT,2491,0.10998252263767377,0.11610611919042459,0.11534405633813613,0.11958903383286863,0.11853295644168166,0.11378876584846985,0.11726049386257456,0.16892745649418403
JT,4705,0.09166630709956342,0.09199215018115348,0.09108343002930637,0.09755398598066933,0.10222132462729683,0.08544595210888258,0.09230100560446772,0.14644660354672123
JT,3638,0.04671446785902747,0.04571769849652356,0.048113088387880705,0.04795285481618086,0.04659797731692835,0.048056942821800314,0.04873283259962707,0.06334713059334306
JT,3251,0.04609519954417633,0.040583127019988535,0.04030391985255895,0.038147759683347195,0.04380490252242522,0.039393104289537635,0.04177401125284523,0.05403519935337363
JT,1380,0.07004008369900498,0.05664209656425942,0.054893921805102004,0.056617855044579696,0.057181602942839214,0.053891846001532184,0.05699357830333599,0.08097400972975617
JT,3995,0.12549486099111343,0.12913886553811615,0.12953647530356255,0.1396211729422274,0.1404170354515684,0.1265810925439682,0.13159342137194657,0.1974414390634587
JT,1092,0.10755453584637217,0.10713672032670092,0.10453675025699932,0.11089729760137393,0.10449853279282542,0.11221323700590771,0.10611427836820318,0.17167244451068198
JT,1133,0.03983504739429355,0.03859966162805894,0.03705420960479375,0.03236102719522762,0.03335402331622463,0.03977718562331314,0.03661643989173981,0.0293474643985419
JT,4549,0.06908709562439566,0.07919912182531891,0.08000644033214922,0.08210907111902345,0.08092328543960615,0.07765255810782572,0.08189839343320292,0.12629532057267148
JT,2381,0.05999818014301152,0.06000448119850086,0.05914563050312061,0.06052178303622294,0.059403148071161795,0.05882679202026284,0.06117691499717232,0.0928693848165649
JT,2859,0.05607396169273619,0.022549524793703448,0.023965112417176207,0.022527374156746993,0.02441917791593295,0.019074951121753284,0.025774038313576803,0.017570245487688367
JT,2341,0.05733075581439252,0.05364824081480572,0.054326538052633835,0.05830813496977025,0.05783702715554802,0.055686266679114034,0.056204378239971736,0.08194532923245931
JT,1186,0.06947003456215783,0.07706190480962637,0.07729874499894275,0.08055423100019775,0.07670647632224077,0.07085881646165648,0.07796006182770694,0.12421256776579154
JT,2727,0.021770780365680267,0.021072116995768747,0.022686517532051382,0.03288018401190754,0.02437404588681196,0.021156771847928635,0.023942764456919962,0.015578349104827523
JT,1899,0.06009609137339358,0.043984321979842846,0.041838277462136905,0.03642659514042995,0.031776498529642504,0.04257486541382074,0.040367831422423416,0.0372132108450263
JT,1267,0.05133685204356371,0.0367589609472602,0.038426946478598685,0.033841720137690164,0.044873086451287576,0.03922253224692873,0.03925274913814452,0.04442410797651416
JT,1351,0.15741995387095936,0.17112688515252286,0.16730802718733434,0.16958324131645736,0.14746749831469252,0.16570836726380958,0.16921711748151574,0.26319377210815514
JT,1512,0.03873350526089037,0.04208646834693803,0.03810731069863644,0.04164261446220678,0.03854182195608173,0.036125686340625074,0.04020918285906212,0.03860189544369827
JT,1048,0.03639314844253053,0.04134334164794392,0.03790305078693274,0.03879671751964892,0.03354505752143902,0.03686737923697973,0.03842600210218378,0.04259701912981674
