n,Trial_0,Trial_1,Trial_2
100,0.0027707042044241292,0.014151237556053173,0.0005717508143567862
200,0.004579756713421368,0.006661297424956261,0.004220635436494119
300,0.006935574018670315,0.002658015634627281,0.0031020514480492867
400,0.001233725076889236,0.0034872678109428845,0.004822821178044001
500,0.002833467834361336,0.004408595614817629,0.0006831351537089358
600,0.0038977725651190287,0.00012177603108134982,0.0016821642861567232
700,0.003961120397680262,0.0009186187286712999,0.004443832789090829
800,0.00027571751354468765,0.002293279357844513,0.0011853350106350857
900,0.002911010046126594,0.0020754617086439775,0.004240152616625165
1000,0.0004614210166232202,0.0005525241512836787,0.0003833943794349093
1100,0.0006603708012925535,0.005146651644667238,0.0017128792417578087
1200,7.096142938534111e-07,0.0008653749754012896,0.0006469831370511381
1300,0.00013905643833928005,0.0016115984229774227,0.0027890108242836775
1400,0.0008902563481091863,0.0014441981374460344,0.0036364424861597966
1500,0.0006694491684240966,0.002375168174561487,0.0018285066845093456
1600,0.0009787968654164925,0.00216878503473919,0.0011105008484869616
1700,0.003873723314220867,0.004028017901470671,0.0013631353476762365
1800,0.0010560708168415034,0.000281802717873314,0.004256809557050378
1900,0.002219432065093341,0.000943529594432363,0.002054987067880487
2000,0.0016640101512246375,0.0008787162048941033,0.0009903126264346473
2100,0.0024391922942055833,0.0011321594556706338,0.001861605624392887
2200,0.0005082795901836246,0.0013437855762430395,0.0003961221362159262
2300,0.0011204280326055638,0.00046127105870602536,0.0006434470485354726
2400,0.00025496771718788724,0.0023593728189381935,0.0012947765289295643
2500,0.0001526352562920552,0.0003242240046000544,0.00023905458352641018
2600,0.001731389940732242,0.00037488651982087173,0.0006970590149702471
2700,0.000979097666077261,0.0019260407554605452,0.0007068657729010219
2800,0.0036984893293781906,0.0008360347339594343,0.0018380284625543475
2900,0.0010805536630046908,0.00042290213706502877,0.0006998268109002226
3000,0.0019594966660065882,0.0007478429015599086,0.0016417750403526776
3100,0.00020328498214522428,0.0003282699915398424,0.0010715388818054727
3200,0.00045075339463579445,0.00039320120820052207,0.0010826280175172676
3300,0.0005359427101069847,0.0005409769232316841,0.001008647430632864
3400,0.001711295660725698,0.0014420500778772882,0.0008946217765348485
3500,0.0003191980738981026,0.0017395844161853524,0.0003422777090455187
3600,0.002227439325493713,0.000455370620967982,0.00203464837521955
3700,0.0012589607412814008,0.0002639214663719691,0.00025469922229071074
3800,0.0008272999228201294,0.0003788159222309073,0.0005049399140047428
3900,0.001126338076526151,0.0007328346007821895,0.00189471620800577
4000,0.00021710208595271396,0.0009132583026827124,0.0015139446283203017
4100,0.0010499923572526437,0.0012560200577799718,0.00010280295766787462
4200,0.0006243876142684457,3.092126127449135e-05,0.0009282788963504707
4300,0.0007436433855471103,0.000705879528601544,3.4664977766662997e-05
4400,0.0009563765932291968,0.0026376793302088086,0.0009694416831904362
4500,0.0013027403229139423,0.0005095175485187453,0.0007077451593377748
4600,0.00027049612702234604,0.00017397024481891066,0.0013120865290337236
4700,0.0003597272521198569,0.0013133203129326865,0.001251438294511853
4800,0.0002553994439935259,0.0005235561684697465,0.0005110389170081553
4900,0.0004422442598200904,0.00022794218134253308,0.0008055576440102186
5000,5.4426728149092884e-06,0.0012905203454470215,0.001929636676462565
5100,0.0010344530079890446,0.0011458593990254784,0.0011680666461795775
5200,0.0013634904932819103,5.849462565632457e-05,0.0004151478874162562
5300,0.0006762089528304094,0.0006327120214361659,0.00014288444304352832
5400,0.0008349145383686474,0.00044273871163727496,0.000810328207403288
5500,0.0009707995747639253,0.0009700225078789759,0.001036943655176925
5600,0.00037393469439395144,0.001551461722930747,0.0008696531890520498
5700,0.00014606217175575087,0.0005945473242661148,0.001064819694591601
5800,0.00016380369222127045,0.0012565453830767626,0.0002523613738883157
5900,0.0014021959221353908,0.00016195407872521272,0.00016046065824859568
6000,2.1355957073226906e-05,0.0013224624693968512,4.793137938743919e-05
6100,0.00026233820177323786,0.0007856400373928429,0.0014807967756644003
6200,0.0007568222124412216,0.00046994029336833165,0.0004741088879036126
6300,0.0005973805264971321,0.000660555458877915,0.0009800888315213419
6400,0.00019454765332863055,0.0012509549904766437,0.0005179765678961501
6500,0.0002893282297717903,0.0014843056594061044,0.0008782874098638704
6600,0.00041868746439166493,0.00112120673147717,0.00040466338927433454
6700,9.6881732589843e-05,0.0007294751719781889,0.000731134925239324
6800,0.00016247984164280416,1.8465471419509827e-05,0.00033073326312466067
6900,0.0003201509749621023,0.0003029745866707234,0.0007963191500267031
7000,0.0004268758068095846,0.0019994426400237186,8.778576863671672e-05
7100,0.0005224705010456188,0.0008292806506953188,0.0005338066226265037
7200,0.00012659671380579884,0.0003405514011849964,0.00031514056580853045
7300,0.00014293466659037746,0.0006373807875671988,0.00030750038500892973
7400,0.0009040904532937599,7.472984829429152e-05,0.00025840169564519955
7500,6.639229772537059e-06,0.00110385259960602,0.0008663115146376743
7600,0.0009470630647566702,7.180264810188741e-05,0.0009204529476370682
7700,0.0004178461168651282,7.646597124905119e-05,0.00028430232830176094
7800,0.0006110025787258722,0.0007588759642190301,0.0009377273464383495
7900,0.0009126334728503382,0.0006867580975446208,0.00041626945416575745
8000,0.0004473822461380228,0.00042806646300058704,0.0010167916551720169
8100,0.0009012133283007595,0.0008706990257461023,0.0013341739725493407
8200,0.001582776515901857,0.0005910711962305581,0.0003244802584848605
8300,0.0007641603196261448,0.00033391261771148484,0.00016247189957144248
8400,0.0016491513880758923,0.0005850397997038681,0.0011428854272189093
8500,0.0011173245980983793,0.0004615729567504223,8.833237552974271e-05
8600,0.0004132846687994185,0.00024158570170174087,0.0006881470443413085
8700,0.0009571291140038629,0.0014603863951348217,0.0005794113399835432
8800,0.0018399381097363166,0.0002615050184125445,0.0013023622238531873
8900,0.0019156272063327318,0.0007848968027240333,0.0005096380414318369
9000,0.0010176639367342477,0.0011516362012204684,0.001108596574701387
9100,0.00031927747883417346,0.000826799341835327,0.0001152455172821476
9200,0.0010032813734303647,0.0010946723516235823,0.000176336673180566
9300,0.0006121026902898841,0.0012354232212280214,0.000382949071600025
9400,0.000760920075678212,0.00027688671000222764,0.0006685129937424039
9500,0.0003268563599632124,0.0003220120175533858,0.0003817729252512392
9600,0.00039203787119276856,4.6107402000561404e-05,0.00032972518134591344
9700,0.00016162639207573104,4.212237931947027e-05,0.0012768360837330794
9800,0.0009927510852186794,3.604031026299692e-05,0.0006883489430867529
9900,0.0004645963581212109,0.0012323171379159947,0.00040339667112471167
10000,0.000635582599240847,0.00014954381510520753,0.0006302069840680713
10100,0.0010113266066724136,0.0004409642231528177,0.00032118216144455536
10200,0.00046704184397936,0.0008046408232246782,0.00044441312311988
10300,7.531467233876099e-05,0.001402702856321214,0.0007272155830143623
10400,0.0006289852306836652,0.00040445869789398903,0.0002590771683946558
10500,0.0003068449782843985,0.0003967929582119334,7.234805582650994e-06
10600,7.012517874613322e-05,0.0007619669541084062,0.00017627550592475005
10700,0.0003785930648275704,0.00019829512967001195,0.0005650515536129996
10800,0.0001957251819014738,0.00069174243471401,0.0007703645975817575
10900,0.00014561176818014832,0.0006965198451633625,0.000283351675425203
11000,0.0006781303791392468,0.00010974376789255058,0.00023633420321841903
11100,0.0007512912204915845,0.00020010572921572156,0.00032069264840539624
11200,0.0003852230563793635,0.0005414070527222647,0.00011132358071233583
11300,0.0013273599125419866,0.0001606633183753592,0.0005238116673548232
11400,0.0004541530250227188,0.0011695213718920239,0.0008608176611302754
11500,0.000588734566076915,3.4999936071894444e-05,0.0005898208803145899
11600,0.00025253249745429973,0.00019172825097590884,1.068819261074161e-05
11700,0.0006689770148239071,1.190920336757717e-05,0.00024053458146228168
11800,0.00034284696568351314,0.0001593399523742156,0.0011140858090817607
11900,6.820033423382554e-05,0.000815134751631863,0.0004881489013497109
12000,0.0006065890278008634,0.001290614541579388,0.0011509525076539018
12100,0.0002319809581045329,0.0009848630050989515,0.00033994726383893004
12200,0.0003243873423929289,6.708971618740733e-05,0.00031834896356069953
12300,0.00030909627856004485,0.0006308652787160862,0.000600011532001149
12400,7.029327091115367e-05,0.0005593239487756141,0.0002158516590728965
12500,0.0004461078321148504,0.000497926057769299,0.0005655844530198517
12600,0.0010448532149877066,0.00020670160062932763,6.28268115448194e-05
12700,0.0006313845854898359,0.000408784632995679,0.00010308279105150642
12800,4.5504325664247336e-05,0.000338571684649569,0.0007320548098290192
12900,0.0002648102841266986,0.000326569543164984,0.00015748207746338339
13000,0.00023854877350748538,0.0010421698214062303,0.0005951261512058825
13100,0.0011328490650743261,0.00015782521956517193,0.00010610368520769242
13200,0.00013070779367965746,0.0002366145803437969,1.8274655248395888e-05
13300,0.0003530999417525882,0.00023955142219092562,0.0005899877122091668
13400,0.0010550878203493541,1.9041149982690353e-05,0.0006944408855888429
13500,4.38412358671203e-05,2.651657577373845e-06,0.0007501155130632542
13600,0.00048774228347922555,0.0005656403700660118,0.00014776536845881316
13700,0.00036030366090505916,0.0010938493219932732,0.0006754686111188901
13800,0.0004076422883228792,7.623591018848797e-05,8.81499892180504e-05
13900,0.0007117747632540972,5.289035779662554e-05,0.0007248893343956286
14000,0.0002072410504580513,0.00011135460060651692,0.00022219505632864456
14100,0.00018673823450227056,0.00025240052319999706,0.00034199947929344776
14200,0.0003168842182472986,0.00014929897349472143,0.0003292055345841538
14300,0.0009277022220498532,7.988637175698754e-05,7.72355112287626e-05
14400,0.001033256818755962,0.00026416382152291695,0.0007920451417711138
14500,0.0001658376657568128,0.00015159334980638373,1.3636980275927302e-05
14600,0.0003851566494993963,0.0001511073736367441,0.00038572264198330486
14700,0.0004341054628493324,0.00012908806690617447,0.0003955810522062453
14800,0.0005304770790541258,0.00035788548467691195,0.0008312230101754914
14900,0.0001476529063339782,9.303437002275428e-05,0.00029974018326414664
15000,0.000182546218365498,7.450852121254625e-05,0.0005996383646566794
15100,0.0005537736292564599,0.00014969918040722008,0.00017084732293473626
15200,0.0004813907086453906,1.326527666051236e-05,0.00077745755701919
15300,6.677021042836295e-05,0.0009128334492884971,0.0007741378562119705
15400,0.0006964429515249893,0.00019416075395084498,0.00015259426265518128
15500,0.0009088534607749332,0.0002847427974674299,0.000554490905015248
15600,0.00040836496945914624,0.00012607497469607765,0.00020430738818591476
15700,0.0009600946391908338,1.662890182602128e-05,0.0002507159407512394
15800,0.0007977534299414835,0.0013416505300304082,7.741073885716987e-05
15900,2.7041787032944242e-05,0.00015023023566540505,0.00046087171433165097
16000,0.0002325503127576234,0.0007673724638004309,0.00045370762567550904
16100,0.0005562302444972744,0.0002316454927865641,0.0008803823089972851
16200,0.0003276060404796277,0.001043427455484719,3.463411090567914e-05
16300,0.0008045550133499724,3.2858722118445094e-05,0.0006079298694503243
16400,0.0007805974878660193,0.00022782072223745398,0.00016933438796801203
16500,0.0002715914686479415,0.00018612340985546538,0.0001698560645619629
16600,0.0004652090214161686,1.1443395961263647e-05,0.0008156293371832934
16700,0.0003408945755130899,5.4543139140356134e-05,0.0003786183161764156
16800,0.00016233029186421555,0.00013883479843934676,0.0004908417851914038
16900,0.00013734980327212432,0.0003094417626631485,0.00010407753696131672
17000,0.00027995591177998325,2.1416770604826274e-05,0.0006756363994123438
17100,0.00016403414770554958,0.0006647033715484196,0.0003332942446511722
17200,0.0006718079548460321,0.0006096691934190657,0.00022295329917232376
17300,7.370325261044086e-05,0.0007082127718437692,0.0008446949163384565
17400,0.00035139334101311204,0.0002283459453629455,0.0002025950557309475
17500,0.00042937308903140403,0.00039489538233836163,0.0001891567745084255
17600,3.4275362444602386e-05,0.0001143044456895781,0.0005946902541854315
17700,0.0012084321330169956,9.052431561407115e-06,0.00016044247450844318
17800,0.00032686709976390005,0.00015320003615271194,0.00024077786665910317
17900,3.370700234506252e-05,0.000163056916364257,0.0004783483466956895
18000,6.676335850672177e-05,0.00024208142603282523,0.00011352613686785307
18100,0.00031528759422200237,6.890755808305893e-05,0.00012712803863609845
18200,0.0001512068101989228,0.0002459707974626357,0.0004958910343460243
18300,0.0006001903183393831,0.0001504386624139875,8.25190515901797e-06
18400,0.00029052570150464585,0.00014441158418451727,3.3198620947111346e-05
18500,0.0003374670240663402,0.00027873644849446544,0.00040482769476599123
18600,8.351126485933724e-05,0.0009772406416393709,0.00046659739901250274
18700,0.00040309464317389576,0.0007536091464568906,0.0004773657932944375
18800,0.0005300604768193884,0.00010050757261992338,0.0009090922106967658
18900,7.140638587721515e-05,0.0009453599266369128,0.0003521722743938249
19000,0.00035897231113390937,0.0004859531164347619,0.00026260965371557865
19100,0.0002789313786390746,0.0004508481877834314,0.0004685216414187232
19200,0.00021906226871382106,5.646628713856794e-05,0.0006539363213567961
19300,2.719902878378644e-05,0.00025759174810668917,2.1286228028161158e-05
19400,0.0010507901489933413,0.0004738942554004255,3.207266902449657e-06
19500,0.0003461531472861157,0.0007146205817305795,0.00019790768340494092
19600,0.00015996924429254045,0.00025289485576962534,0.00012149163308336486
19700,0.00029692649888496403,0.000405265886259637,0.00045534185039577957
19800,0.00047648979606645936,0.0002522795591180238,0.0006107668995284921
19900,0.0007331606567530513,0.000522310167568929,0.0005674923111868291
20000,3.7085169932532525e-05,0.0004542598609555415,1.6670069919982877e-05
20100,0.0005484667126318121,0.0005096824231485275,7.654288754282979e-05
20200,0.000349475102991742,0.0009262704484891415,0.00027624507445717095
20300,4.0235331409732566e-05,0.00010976059634715263,7.536181964817867e-05
20400,0.00011582759795150666,0.00031648615098714417,0.0005944139679902316
20500,0.00036988241446986314,0.0002858307088955958,0.0002981084322698502
20600,0.0004637151945717788,0.00048623456703994483,0.00046423462903449897
20700,0.0004044503069851879,0.0006518387499320488,0.0004422698124793567
20800,0.0004473341429461486,0.00041370920897276786,1.5701235964393767e-05
20900,0.0008014328563338002,0.0001361753909174257,0.0008373254376149719
21000,1.3488474593786881e-05,6.938527693109431e-05,0.0005631523345022149
21100,0.00016357969337862932,0.0001007527319890067,0.0004945885040326392
21200,0.0003675588879838154,0.00013806287613149504,0.0007136597354496788
21300,0.0001935559904079065,0.0002103996501509331,0.00016430120682714433
21400,0.00019741934676645312,0.00019692030437412633,0.00012106393723734787
21500,0.00020324336766988638,0.0002653762146705152,0.00040253796169026357
21600,0.0004718197718333039,7.93697687581918e-05,0.0002060239025143129
21700,6.764013143856218e-05,0.0002498019039952337,0.00042173070354944997
21800,0.0005375831650975826,0.0006751786235264512,0.00015277129939428313
21900,0.0010004232281551617,0.00034348721046070785,0.0005190905692573355
22000,2.2431158684693697e-05,0.000249419678271523,6.268310541379662e-05
22100,3.851866881288135e-05,0.0005309607026173502,5.582442092338935e-06
22200,0.0002773030690497169,8.876644843819337e-05,0.0006789439702341027
22300,0.00013341633394201025,0.0004834561093752521,0.00040304624011086587
22400,7.38676004728156e-05,0.0003835388323117084,0.00010317016378585953
22500,0.0002869566390913958,0.00016631687789253613,0.00011196429641638361
22600,0.0001715825785332803,0.0009352861637658971,0.00012053518118754214
22700,4.460561702487875e-05,9.712938012518268e-05,0.00035275289126920906
22800,0.00045539866345109536,7.87922886086867e-05,0.00019605280430398664
22900,0.00039561844274046964,0.00030841337273798675,0.0002606005594460725
23000,0.00045202997547116874,0.0002923146179040492,4.7909157990994045e-05
23100,6.600167554901559e-05,0.0003242355170170186,0.00023573177093735853
23200,0.0006488954745738906,8.240951829580068e-06,0.0004745106030706603
23300,0.0005014151829310087,8.254720701902918e-05,0.000266480368553923
23400,0.0001175767369373526,0.0003284788166325603,7.262146362418953e-05
23500,0.00015980023216374817,0.0005731150145761865,0.0004265989158575012
23600,0.0007143578581151888,0.0003186742724916869,0.00028090191526325414
23700,0.000526194938153618,0.0005556371614690581,6.809652140180034e-05
23800,0.00010456700183936185,1.4578932994169236e-05,1.149602348748946e-05
23900,6.794507327059773e-05,4.184667536460962e-05,0.0002686346403237283
24000,0.00021603017424676185,0.00020636096940815363,0.0003504749781363947
24100,2.9754899531331258e-05,0.0006520094248063657,0.000105847071139753
24200,0.00044243317170328256,0.0002611268428244218,0.0001876188149013136
24300,0.0006180856722624306,0.00015387609389150292,0.00045152495179826
24400,0.0005882838089031894,0.00014963537491866075,0.0003767243987775337
24500,0.0002404550904919478,0.00038292327575048524,0.00018470790158839345
24600,0.000439525006672159,0.00014631850301258242,0.00034155552416217927
24700,6.10885183605081e-05,0.00019534849743624294,0.0001516388519441081
24800,3.3166449288246636e-05,0.00033683977605977744,0.00054993825474009
24900,0.0005760081801771677,0.00017008848274763233,0.00024543981764160727
25000,0.00019702215168299064,0.000510316084282536,0.0003177386799909643
25100,3.419110589406027e-05,0.00010559612318372658,0.0004919520179254011
25200,4.6270516957186425e-05,1.3282343753640014e-05,0.0004898416881288781
25300,0.0012589031197496325,0.00020512610027961786,0.000515501742924418
25400,0.0001827093844866401,0.00015154777405149145,0.00035026704439428125
25500,3.7225827540232626e-05,7.556756200977066e-05,0.0003406250258864707
25600,0.00010266651882678834,0.0004534190324113896,0.0004974346394888696
25700,0.00047497656052625237,0.00021375722521446705,0.00032559491240125027
25800,0.00013075648275959195,0.00038323785217972417,9.005534399736392e-05
25900,0.00032339108847648235,0.0003022308158659448,2.85586023414941e-05
26000,0.00031365532388458184,0.0007186782641663836,0.0003366151452603994
26100,6.655360407872846e-05,0.00027331146701578546,0.000138286398289722
26200,0.00023527149947083492,0.0005765277449774064,0.0001505142458567421
26300,0.00021424956112464644,0.00012857346174516282,6.66302957150755e-05
26400,0.00014292149177541624,0.0001809650546186481,0.0002401667044942546
26500,0.00011077155635294544,0.0004490684739394124,3.267390629091427e-05
26600,0.00010684389710227671,0.00021964205066535292,0.00045248718526208487
26700,0.0003856158201425153,0.0001144235465543042,0.0007059059803761203
26800,0.00043222700470699205,2.232209645799954e-05,0.00032814827897098553
26900,0.00022155370675713826,0.0002671756221344912,9.0580416816477e-05
27000,0.0007169464307015816,2.8315106126247658e-05,7.524854306018014e-05
27100,1.688792458287569e-05,0.00019421520268683712,0.0001633971701907877
27200,0.00045565463526800465,0.00023801378055857136,0.0006115400606775678
27300,0.0003752449932408475,0.0001763612890383348,0.00016319586583407597
27400,0.0002588892608620663,0.000484487426437169,6.395477914675207e-05
27500,0.00022962772627865835,0.00019152761018381703,0.0003100042528334235
27600,0.000452656746281338,0.00038657254577623146,4.276806224329244e-05
27700,0.00061740043908598,0.0006054230507289149,9.552968112533367e-05
27800,0.0002662225696129228,1.334993256726924e-05,4.3138038697460024e-05
27900,0.00012057256691683227,0.00012429014122092297,0.00021901579010155658
28000,8.73168059896956e-05,0.00028495754726806655,5.4025662928863794e-05
28100,0.0002043962827340262,0.00033858194982797074,0.000386353378702603
28200,0.00040874717838240704,0.0005391037282771183,0.00028558907364323316
28300,0.00013741563511951438,0.00038918789884673233,4.7275054204459765e-05
28400,0.00024765240277146994,7.015751580188856e-05,0.0005491580083139269
28500,3.5795870877763925e-05,0.0002859836733823673,5.6980743324636096e-05
28600,0.0002754845870908129,0.00014020199485870188,3.499186539251964e-05
28700,0.0004970745988677472,0.00020654199327382883,0.00017028526415246992
28800,7.655565109676576e-06,0.00038118736048098345,1.915532032575884e-05
28900,5.704522607227758e-05,0.00046388682713424667,0.00034686861173188754
29000,0.0004131950322056599,0.0002109831944113183,0.0005448554592480948
29100,0.00040683283022036054,0.00012155804504154766,2.2858727402985668e-05
29200,0.000212089262789511,5.645293411887797e-05,0.0002096997199637629
29300,0.0003112582374190098,0.00022987522689835171,0.0002120043319946141
29400,7.997425287184501e-05,0.0002866809785212754,0.0001862751087202963
29500,0.0002894013708915899,6.018377954425391e-05,0.00014721936334594066
29600,0.000351147410516478,8.903263631471203e-05,0.0002846433871276921
29700,0.00043920115468035203,0.0004012274318483111,0.0001352482697849211
29800,0.00019730724706754077,0.00013555375246124268,0.000468799744952203
29900,0.00026828934307962515,0.00044728011907677057,0.0003187288235614594
30000,0.00020326289087360672,0.00020510528767733738,0.0002630778810858714
30100,0.00010927213667888402,0.00035269145319605233,4.740952204992932e-05
30200,0.0004092291480664867,0.00028777694574602664,0.00044052105733535796
30300,0.0003707697222513351,0.00030616196184957145,0.00011352047666610132
30400,0.0006930829526019533,3.0969918270284946e-05,4.685441974766613e-06
30500,0.0003172203227837511,0.00020229591030576644,0.0004029863512188536
30600,0.00028682124765519457,0.0002791727049875903,0.0003460474593844909
30700,0.0003679432017332229,0.0002282787772249495,0.00014079918250331502
30800,8.847837881820197e-05,0.00019200873291791432,0.00026639528030611426
30900,4.250237410077795e-05,4.501943939971831e-06,0.00032543999891990194
31000,0.00014253289710644546,3.967261771287145e-05,0.00024688421378438186
31100,7.598264324698567e-05,0.0005838598665309502,0.00023287019224862981
31200,0.00046456802811881137,0.00047510184577007064,0.00027268864675997206
31300,0.00017854099051645145,0.0001641416788925043,2.386814334387477e-05
31400,0.00012772000731739452,4.782103789796599e-05,0.00028184086606822256
31500,0.00017313786210007565,0.00010902805577100994,6.840031723209794e-05
31600,1.3385633793133733e-05,7.036416736644346e-05,0.00020917777461831877
31700,0.0006442896044385193,5.495863090923536e-05,0.00012222739078279754
31800,2.9403698265595413e-05,0.00025661784416536326,0.00019823036346222622
31900,7.587311805926089e-05,0.00021376405399523013,0.00043404802763760686
32000,0.00012203440874583582,0.00021855721770291936,0.00019413089320977073
32100,0.00039812538315708856,0.0001365127323514903,0.0005340533637785416
32200,0.00014455232431781484,0.000336315797556358,0.0001446089609583312
32300,2.359546974473048e-09,2.943856419779234e-05,7.3457433295842645e-06
32400,0.00040542124509782007,0.0002130561367362227,0.00010111332614834434
32500,0.000254028718416649,0.00040046420783457215,0.00024185261586273654
32600,2.9603547759826654e-06,0.00030490893277632103,0.0002140127330002295
32700,0.0005006222930813153,0.0001676832114547444,3.31435440371064e-05
32800,0.00036892145029002177,0.00026445385511128516,0.0006146294999207491
32900,0.00041170321152672607,0.00036156764245762196,0.0005061413914331792
33000,0.00023676150278106878,8.606384106002452e-05,0.0006732159428007589
33100,0.00038083303832606163,8.198375412188375e-06,0.0002084784436510445
33200,0.0001514504819900564,0.00022014901401704035,0.0005316641108369657
33300,8.112771330814894e-05,9.845556542081857e-05,0.00033887010373442883
33400,6.041565459025122e-05,0.00019866774634619278,0.0005800465338319238
33500,0.00010106466310946804,0.0005188355449751436,2.0809711345604054e-05
33600,6.016868756064664e-06,7.110453486977586e-05,0.0002296842615917838
33700,3.763839912063194e-05,9.260880909461866e-05,0.0003033389635851702
33800,5.838697523563585e-05,8.596248953998686e-05,0.00010985772009888817
33900,6.626859545658115e-05,4.2782527027385164e-05,0.00029896462581854855
34000,8.92345784073989e-05,0.00033883354355421225,0.00023191743665385012
34100,3.947525541347918e-05,0.000196529263545131,0.0001062540893928543
34200,0.0001169444373165518,7.564952111255296e-05,0.00010756497228742168
34300,0.000404787781367294,0.00019118952781330134,0.00036231687149831937
34400,0.0003061583426733627,0.0005685716609352132,0.0001848840728277401
34500,0.0003080535826264219,0.00038974858046561534,0.00018758240776833857
34600,0.0002787388489241538,8.597531755041854e-05,0.0002025710843438222
34700,0.00010694300508101717,0.00016012869152728926,8.977117569272663e-05
34800,0.0003205050684338684,0.0003663582252678155,3.0192754543162392e-05
34900,0.0003012565581667903,0.00018349859571781257,0.0002842932836891743
35000,0.00019270418233738318,0.00028305906678738335,0.0001673652348868071
35100,0.0001489332042381719,0.00029153168384057904,6.661682712619243e-05
35200,5.354238282931356e-05,0.00017740147188702315,6.490128676095441e-06
35300,0.000310747601815764,8.296154309306303e-06,0.0002722029565428996
35400,2.648927112436361e-06,0.00010526009304745454,0.00029587298836175613
35500,0.00048037126260302987,0.0001882978880490549,0.0007264928911628332
35600,0.00038102880247833926,0.00035407692898919985,0.0001232348341117795
35700,0.00010153227534900888,0.00010068736275359313,0.0004506156201058431
35800,0.0004413902627682098,0.0002854824168772585,0.0005600519326845466
35900,3.8581402911797014e-05,6.894217794539692e-06,1.0716992748183163e-05
36000,0.00023793107731409635,0.0001390819129184484,0.0003338862113511365
36100,0.00022588992991567913,4.470218870733511e-06,0.0005326388208773125
36200,0.00017906712112761292,0.00017204179340582493,0.0001636078261255669
36300,7.11393754265488e-05,7.746401731204e-05,0.0001030378585794578
36400,0.00019797920079131504,0.00011623336242921889,0.00011774035193615195
36500,4.023651850953991e-05,0.00022374381814030397,0.00030859787518408566
36600,3.0486225020887048e-05,0.0004007142525571661,0.00028400628899596936
36700,4.6470645938462285e-05,8.260380061100858e-05,0.0001598494349004942
36800,0.00010631177342743103,0.0007698350295673728,0.0002076841616367453
36900,0.0005441886449994715,9.567402599308661e-05,0.0002803037679889042
37000,7.341794422321968e-05,0.0003610705905897904,0.0002415996413610566
37100,6.610900494494198e-05,0.00010239108119183826,1.9828177202918518e-07
37200,0.00018777101127884221,0.00023915989906822532,4.3488936259911126e-05
37300,0.00023987709959175096,9.305014589366944e-05,2.6371309203881976e-05
37400,5.529455357369817e-05,0.00018020990337869192,0.00023205960761676914
37500,0.00015602939012010486,0.0003169763418282845,2.9479770363716185e-05
37600,0.00022237780883535563,0.00020952150579364726,0.000399303500315501
37700,2.902989192754557e-05,0.00042925121859055393,0.0003361735176902747
37800,0.00024979368314786976,0.00032930893777616266,0.00011836129584710808
37900,0.00040082606769895057,0.00012094197963202769,0.0005050036427734772
38000,0.0004647477601915917,0.00010052119744327626,0.00015964122057374186
38100,0.00013507596827794233,0.00048200918547885996,9.161964578724424e-05
38200,0.00016074890783707163,0.00017056489351466309,0.00019592264341478094
38300,8.369641997632571e-05,2.0563511725163464e-05,0.0002460583503292313
38400,0.000301327421673131,2.013993203675568e-05,3.178105020423816e-05
38500,0.00013860039189994566,4.691148901123099e-05,8.593844408383289e-05
38600,0.00013348750717648294,0.00011024624994648846,0.00010797926382119516
38700,0.00017031328999947415,0.000292871816225726,0.00021902158057129917
38800,0.00018951727821300834,0.00012461790368994974,5.351486183829968e-06
38900,0.00021486062738074185,0.00022546849154694848,0.0001978122317433939
39000,0.00036882618799097266,0.00018755575698575777,2.9860356958844037e-05
39100,9.112151397505652e-05,0.0001455173938862686,3.1286392477486435e-05
39200,0.0005746229195109365,0.00011063143122558294,0.00013079413246577798
39300,0.00027900416263756944,0.00023925327578502853,0.0001617653149832976
39400,0.00018673348580616755,0.00025500918294199537,0.0004302335460117934
39500,2.9996683750588282e-05,0.00019042465960958377,4.9062553434786604e-05
39600,0.0001535907155496563,0.0001503046099145533,0.00035339507618623034
39700,0.00021111724612749017,0.00025349410554295626,0.00018451001990474336
39800,9.488559531317664e-05,0.0004259319296885111,6.3241160373761485e-06
39900,0.0004353763325160853,5.747464483443765e-05,3.473201844905738e-06
40000,0.0003860808436439156,7.201604403814232e-05,0.00018441756036827184
40100,0.00016444459445497106,0.00020629951305015104,0.0001892688752551941
40200,0.0002484937501739948,0.0003537178379321715,0.00028722328438027245
40300,0.0003962645013343702,0.00029152415136884935,0.00010559771147511388
40400,3.58365248196435e-05,0.00010592538732051571,6.947385928124383e-05
40500,0.00028617692246427073,0.0003056724699284641,0.00013692322689923264
40600,0.00035348922613967493,0.0002574957177739201,0.00021899779244580198
40700,0.00012430796690116042,1.9474268268371286e-05,7.431964636611665e-05
40800,0.000519801940185638,0.0003442152890301975,1.6453505746610864e-05
40900,0.0001456414284051466,0.0004294638837817333,6.601681434340034e-05
41000,9.345579558098227e-05,0.00043043843033882534,0.00027697494858777705
41100,0.00014413787462685956,0.00017840118299236596,4.272919709111256e-05
41200,0.00015781382137550204,1.658855544595106e-07,0.00018038252602181615
41300,3.826895321226709e-05,0.00018319640861250153,7.445100404671057e-05
41400,0.00014072744271290127,0.0003914568414392916,0.0003728670509825782
41500,0.00019807101365554303,0.00048214731701259894,0.00021720602688687918
41600,0.00010466236753403635,0.00010732527809384496,0.0002540528338193515
41700,0.00015992635312811476,9.244171157476999e-05,5.1922024006362255e-05
41800,0.00042876619947318506,0.00025539401886559565,0.00046040553771059534
41900,6.479090519012631e-06,5.603607468909755e-05,0.00013594995158786038
42000,4.53346617685646e-05,0.00021508980933279687,0.00021993956624713484
42100,0.0004980966049786817,6.268154591504427e-05,0.00011421264151662003
42200,0.000173243932546141,0.0002811799595157649,0.0001135100843442094
42300,0.0004216683277044331,0.0001930004693441456,8.904573740184385e-05
42400,1.2328909827191703e-05,0.00020218482767073165,0.00024811725438053656
42500,0.00016809898779146515,2.715128583691273e-05,0.00016921831729838077
42600,0.0002978890320789185,0.0001488033241869302,0.00011583848929139218
42700,0.00017968297295672953,0.00010900209402353589,7.080646433635374e-05
42800,0.0003428569655139213,0.00015550108748935143,8.11945763922739e-05
42900,4.0744555138139127e-07,0.00011620572925788442,3.3127132068155873e-05
43000,0.0002441408824755409,8.435712613988344e-05,0.00012786466035405453
43100,2.213261718417292e-05,0.00033229574921642135,6.43239105732607e-05
43200,8.787378712885041e-05,4.742831866902386e-05,2.4578418089366005e-05
43300,0.0005127000639862933,0.00017994727723313897,0.00034269233666184284
43400,4.76655983118468e-05,9.201618982623838e-05,0.0001844115820815173
43500,0.00022325042077500634,0.00039116925096463473,0.00022756876932866765
43600,3.399446673763018e-05,0.00011800538001408012,0.00015471791202156804
43700,0.00016048687640463077,4.195663047712461e-05,0.00010358051739237095
43800,9.157635371084827e-05,0.0001887103918330746,0.0001546004810218382
43900,0.00021512639678605838,0.00015665819393662073,6.64530356297155e-05
44000,1.735314059286841e-05,0.00011308448490807144,8.465468402749088e-05
44100,0.0001001744076691291,0.00010002018298588267,0.00013471975846274242
44200,0.00026094583244357095,0.00047483473921014485,0.00024688818426285564
44300,3.4715064690327146e-05,0.00021307780656051878,3.315528913638843e-05
44400,0.00022784470406278512,4.595561337536469e-05,0.0003214104125976447
44500,0.0002513442894594431,0.0002874112767221604,5.528022709652691e-05
44600,0.00013380418064565247,3.1446843354987486e-05,0.000126231894272133
44700,0.00012255448666004254,0.0002326580057834815,0.00013509633427793988
44800,1.1507740474203665e-05,0.00010953681402092741,9.579477102020229e-05
44900,0.00019338673879459867,1.6984125001118233e-05,0.00020918337706080092
45000,0.00025675798007260275,0.00012128218146084668,0.00010237381470507012
45100,0.00019510888451360064,0.00013487598117448152,3.756485242839558e-05
45200,5.913428061612991e-05,0.0001659728853941056,0.00015964026589590508
45300,0.00012941347592659858,6.0105656698922205e-05,5.6579066752437956e-05
45400,0.00011783293277839446,0.0001553681179754518,0.00031941149515776757
45500,0.00028771257328150113,0.00019793204109888607,0.00010405607170557718
45600,7.693162767327677e-05,0.0002589183239644077,0.00041717199533206073
45700,6.0301192221029476e-05,0.0002356440834291318,3.657243397653387e-05
45800,0.0001520538228196866,0.00022553458531987536,9.643867763642344e-06
45900,0.00045456988999525993,3.832065984477051e-05,1.8997613898230625e-05
46000,0.00018825650097070712,0.0005135294589678485,0.00015078863405651455
46100,4.184645091742656e-05,8.141740920267204e-05,5.5384509660999504e-05
46200,0.0002590718603288078,2.8720668605625166e-05,2.8395041709039504e-06
46300,0.00020827449235033546,1.7538125487132072e-05,0.00013933895754481007
46400,8.728216483730455e-05,8.637346225293108e-05,0.00039843231512287636
46500,3.7646424904808073e-05,7.767225575988634e-05,0.00023950343263451357
46600,4.930391773849685e-05,7.384704478197168e-07,0.0002038479196973808
46700,7.896466546003511e-05,0.00016654261452320185,9.435706140545341e-05
46800,4.663401536603162e-05,0.00022452776903644778,6.559646242451644e-05
46900,0.00027993486721172856,0.0002918909981691753,4.486276392962063e-06
47000,0.00021457798663895855,0.00018276545585071968,0.00024233017684505143
47100,0.0001580801139494381,8.174046138875735e-05,4.077862346624217e-05
47200,0.00045998585829229444,0.00016452985820514243,0.00021884083970505341
47300,0.00011689110770951583,5.70139960420768e-06,8.405046801368554e-05
47400,3.0657532779532204e-05,3.133102778726804e-05,9.078971127535196e-06
47500,0.0002820237697989114,0.0004222120956468012,0.00021062709204508478
47600,1.4861039895841532e-05,4.76424126462649e-05,0.0002870287797253068
47700,1.6413391071862238e-05,0.0001470950292449258,0.0002913927078419254
47800,0.00028215792694413766,8.68229356413841e-05,0.0003619558705524051
47900,0.00011898319963510318,0.00013003680317369426,0.00010882202546294573
48000,0.0002535095392600939,0.00019133897379045028,1.9789456249919013e-05
48100,0.00024265987341978712,0.00010106457847783301,0.00011957291193365194
48200,0.0001424357958053346,0.0002088704555235632,0.0005196774093003953
48300,8.882136855603573e-05,0.00011356798587089378,2.6398280799921903e-06
48400,1.9582042226851115e-05,0.0002419325448768106,0.00016788798874040056
48500,0.0001263193777487348,4.006258363242754e-05,0.000125716897210304
48600,0.00012185881354695449,3.9845055563425547e-05,7.899908328842797e-05
48700,7.694961367360476e-05,0.0002133458390152776,0.0001668755243919573
48800,0.00021788294075264503,1.8311238937390728e-05,0.00032313986315701815
48900,0.0002560176158539762,0.00011375765956142536,3.174928618127071e-05
49000,0.00027693112579407764,8.408680351451592e-05,0.00010012903628389691
49100,0.00011657033385975568,5.338865324402975e-05,0.00014489020888261428
49200,2.7560453567027077e-05,2.449618551975119e-05,0.00017179025308541873
49300,0.000305538656660026,2.3042276540014006e-05,9.869908965201568e-05
49400,3.8148940089577366e-05,1.0047776880711679e-05,0.0001322934808614673
49500,4.919071814132869e-05,0.00011204791050875573,0.0001628534302896556
49600,0.00010985074582917087,0.0001150665543781515,3.558499121303349e-05
49700,0.00020414424799514164,1.0698113330182002e-05,9.848873353920928e-05
49800,7.481466966507977e-05,0.0002234942853868438,0.00010958895202475838
49900,9.575320864832482e-05,0.00024879944045916313,0.0001374247459391964
50000,6.585254809049479e-05,3.210087074578816e-05,0.00013201224412257018
50100,1.9424916125498903e-05,0.0003024834910552998,0.00014679908439485523
50200,0.0005131234985367994,5.770897576112821e-05,0.0001231458135474428
50300,3.402493394288886e-05,4.607897829472796e-05,6.869634818851278e-05
50400,8.187681044918849e-05,0.00019641815098131454,5.473453017493246e-05
50500,0.00010026967089696304,1.3620663166208358e-05,0.00021733117878464103
50600,0.00010866594153557951,0.0002237872306297961,8.395149522352763e-05
50700,0.00031723705532007984,0.00015128836714109473,0.0001544446850565151
50800,9.694406600005423e-05,8.948555094517863e-05,1.0628428914888355e-05
50900,9.133278814496548e-05,0.00020488890475886534,7.82521075934628e-05
51000,0.0003604426038597286,0.00013841256166596816,0.00011804486531472036
51100,8.727374981795655e-05,0.000177627832308902,0.00015204682724512253
51200,0.000143485949558958,0.00010328229189043858,0.00017045496046544373
51300,0.00017949952745188735,5.374443094177672e-05,2.2621192844712867e-05
51400,0.00030143297169177297,5.0742711098977766e-05,0.0002781063322235544
51500,0.00010070413184234961,7.351123541615712e-05,0.00020494922278396777
51600,5.061807594394785e-05,4.583025083446102e-05,0.00017478178810775846
51700,2.0572788961975563e-05,0.00013833537700652654,5.712129255633358e-05
51800,0.0001767937169404321,0.0001254623419549572,9.372676465890795e-06
51900,7.425727626439449e-05,3.483432191617175e-05,9.984630684795048e-05
52000,0.0002608917184763193,6.480762087898717e-05,8.768923993238142e-05
52100,0.0001313836224379472,0.00034165571645458637,7.018037285422274e-05
52200,8.059969064330708e-05,7.18744512630265e-05,7.873345495124084e-05
52300,3.324713913768762e-05,6.878241081978431e-05,4.990296637158442e-05
52400,9.935239764585768e-05,0.00015446765781557126,3.1622193930741505e-05
52500,3.74419604752263e-05,0.00019807536011950955,9.453914896348503e-05
52600,0.0002794036159948221,6.346355463993092e-05,4.5436493088468755e-05
52700,2.4762252200882795e-05,7.875519354239024e-05,0.0002034241303979223
52800,0.00012694692084092019,4.5955259061342124e-05,3.7839457302957236e-05
52900,9.959900528885846e-05,0.00010105535029159007,1.5012925423940615e-06
53000,5.389608923228595e-05,0.00010119863250798722,0.0002520587163639121
53100,1.991345479246398e-05,6.289253142213735e-05,0.00012790135179360784
53200,7.387709282880017e-05,0.00016168225312240825,9.304965476827909e-05
53300,2.7103608182726946e-05,2.6512884709423146e-05,0.00013479696912085948
53400,8.231472497788328e-06,0.00024193327669350118,1.0897420447769646e-05
53500,0.00011150355000302814,8.46836113767846e-05,6.3965955692801835e-06
53600,6.169941676847923e-05,6.561941524479975e-05,7.36054037250855e-05
53700,4.533780434123891e-05,8.373115998611125e-05,0.0001031810417891077
53800,6.769933235870051e-05,0.00019284146684189762,0.0002217690081080248
53900,0.00017472930801967768,0.00018890841564070393,0.0003074854318300124
54000,0.0001179096332389884,0.00011791548625333936,6.307958327295138e-05
54100,1.4056359568637156e-05,0.0004275887543506718,0.00014916832786796008
54200,5.226581772763139e-05,0.00018245269170863443,1.5962414474851583e-05
54300,5.319335791356683e-05,9.51432767386795e-05,0.00017797374252517817
54400,5.3892240973463235e-06,3.920569040172239e-05,0.00012867164456656366
54500,0.00016642969503546934,0.00014548237832270883,9.003364708473627e-05
54600,7.740536576386625e-05,7.409325969984226e-05,1.506804571063669e-05
54700,4.2672605016641496e-05,4.8233295959931866e-05,5.7082661173851745e-05
54800,8.282570811388168e-05,9.222347145537713e-06,7.967041130743646e-05
54900,8.626442776329957e-05,4.032370931580931e-05,9.164269991954188e-05
55000,0.0001541881895494035,6.144033565552709e-06,0.0001313843471194842
55100,0.00026596063766215483,3.8332765396054125e-05,0.000212271906350342
55200,0.00013046044111150734,5.378134430300552e-07,0.0001476533789204204
55300,0.00012863055464101825,2.965107525759736e-05,4.5389649607291416e-05
55400,4.249901633945896e-06,9.726945083241012e-05,0.00010461330428052085
55500,0.00032336139328104085,7.115600333615357e-05,0.00010407606180840023
55600,8.057406254513566e-05,6.268076861151717e-05,9.092189607279311e-05
55700,1.4388929288233765e-05,0.0001612188922339164,7.918858243885496e-05
55800,0.00010876786269695127,2.621267694291607e-06,0.00015378594182210992
55900,0.00023724095155566727,7.77720305903673e-05,9.714347494887976e-05
56000,0.00017085280188686158,7.408815620943421e-05,2.167765283117573e-05
56100,1.5496511433871207e-05,4.295574384513556e-05,5.226596238305792e-06
56200,5.919230069073578e-05,0.00011048328619597814,1.8316715015703755e-05
56300,0.00012619128536672797,0.00013392674422110784,5.91253331448105e-05
56400,0.0001082334449821476,8.696422166248885e-06,0.0001389677201370232
56500,2.492640693543824e-05,9.448774780465574e-05,3.188107542331786e-05
56600,9.87129223697647e-05,6.617848521928149e-05,0.0001917433512856892
56700,0.0001195860052806974,7.051573759453422e-05,7.159942766288285e-06
56800,5.9494519696057235e-05,7.776793154135042e-05,1.4386649719533295e-05
56900,1.3426556044193738e-06,0.00013353637240884342,6.387836048782347e-05
57000,5.242080100770208e-05,7.878600832161853e-05,4.8068060840955606e-05
57100,0.00010860201417509097,0.0001139037113903063,7.564342599514218e-05
57200,0.0001276989228904124,0.00015219136637306674,5.8400459654217585e-05
57300,1.1899538137433163e-05,1.764551070013165e-05,3.044862620971145e-05
57400,6.582294619111861e-05,0.00019365540169616335,6.2446782290837e-05
57500,0.00019753174173831045,2.1423254281172088e-05,6.758210870402848e-05
57600,2.219089870719726e-05,5.383882534654161e-06,2.6269117670590925e-05
57700,0.00012721388968756075,7.229540594111405e-05,0.0001350522135872001
57800,1.2847038129482069e-05,6.322792711621616e-07,0.00011853504534165005
57900,0.0002032806294775258,0.00014528623594664558,8.628091209897382e-05
58000,0.00016608708049889453,2.2585088693544142e-05,5.45454997802064e-05
58100,4.062450416791874e-05,1.5269867761874556e-05,9.283319466382722e-05
58200,2.75382897776677e-05,0.00011284999539287743,0.00014565878738101445
58300,4.472753327314227e-05,8.35356324795089e-05,4.015769146908932e-05
58400,5.312369995019717e-05,8.444858287631751e-06,8.490295321492147e-05
58500,6.912342577264363e-05,0.00016999082717417124,3.152811966083968e-06
58600,1.2757727867740432e-05,7.623813117418887e-06,3.746591194145332e-05
58700,0.0001499547771321441,5.597515975899747e-05,5.3088274680423986e-05
58800,0.00016906314544773426,3.1888994424078554e-05,2.0815386309769313e-05
58900,2.4841433048872208e-05,0.00016057076263975567,1.8523244250195914e-05
59000,0.00015993549502535398,3.828810857481324e-05,6.180389047491519e-05
59100,0.0001739474306551858,0.0001905053369193055,0.00016755589443484542
59200,3.343703833760814e-05,1.4703008368172066e-05,0.00012457809233556993
59300,8.824782217553562e-05,0.00014729192387541445,7.215691972206617e-06
59400,0.00019401719951128715,0.0001382304886119734,9.018365815496865e-05
59500,0.00010538878486313075,0.00015596337634002366,0.00018486860775276948
59600,5.26078413677078e-05,0.00011837564095051878,0.00015146669630924925
59700,0.00011585839849856394,9.372418169445451e-05,1.1303549362129406e-05
59800,4.3942121569773285e-05,0.00012146906289439707,4.527316546601434e-05
59900,6.112469202293469e-05,1.0642075118055816e-05,3.8362794204938044e-06
60000,2.1085326095376944e-05,3.8387669749867515e-05,0.00014556178746027992
60100,2.0728253693591547e-05,3.5499446323833395e-05,4.745217250406997e-05
60200,1.8736345145958788e-05,2.8127370512220917e-05,0.00010351592308011082
60300,7.518515986404406e-06,8.095368948685122e-05,3.5709861556265654e-05
60400,1.2529457349280682e-05,1.6770133318994018e-05,5.032135683702421e-06
60500,9.759583338789235e-05,2.198020082083696e-05,0.00010739993950537041
60600,0.0001257222947910197,9.081561419488349e-06,8.873634468792302e-05
60700,3.4047858283980936e-05,2.889565019167928e-05,2.5490713467773984e-05
60800,5.136918509010546e-05,2.8895361547931486e-08,4.66709378329766e-05
60900,1.689535049606561e-05,7.944821220906562e-05,1.4015348526519311e-05
61000,4.370482970458833e-05,5.196704636561966e-05,5.760176413696638e-05
61100,8.558770397695814e-05,6.787872010999285e-06,5.497352561500968e-07
61200,5.156202818146216e-05,3.899152589359467e-05,5.730585689311951e-07
61300,7.545891768712121e-06,2.1272530881438767e-05,4.3875668711057525e-05
61400,6.530447121233518e-06,2.6458261044637332e-05,5.943890150461595e-05
61500,9.4962805129023e-05,2.1940879629672727e-05,0.00010308385655616314
61600,4.7498539371138015e-07,2.0299511328786268e-05,2.2389976814918278e-05
61700,3.437628717103958e-05,2.128680016288964e-05,5.920202859888146e-06
61800,9.306210643283963e-05,6.767771385077226e-05,4.491361234232327e-06
61900,6.349236843761208e-05,1.848344212224129e-05,1.0657205147035498e-05
62000,0.00010104653755266257,4.1411914035893727e-05,2.059353155994814e-05
62100,7.85972537949986e-05,2.8642605737760896e-06,1.6256618863313976e-05
62200,5.355950090102368e-05,9.882494053342628e-06,7.061621924803196e-05
62300,2.171633679409757e-06,5.501088851667113e-07,1.194377195132268e-05
62400,2.783956696655876e-05,6.120451463392795e-06,5.078289952628601e-05
62500,4.019711521285885e-05,3.3066789312030664e-05,3.6554337928068614e-05
62600,0.0001399853053668798,0.00010880645195848748,5.850684758548774e-05
62700,0.00011447396975317048,2.2569088464013953e-05,9.433669172387305e-06
62800,1.531254213632538e-05,3.1279814141943474e-05,2.483264999578183e-05
62900,5.611685225531682e-06,6.778097298457131e-05,8.789275683313003e-05
63000,4.7081914435864736e-05,4.140383873529885e-06,1.6026976448813013e-05
63100,4.751727414739615e-05,2.5393935006196022e-05,1.738660546130033e-05
63200,5.948086839735467e-06,2.2831477032553282e-05,3.7524581168568716e-05
63300,1.2214349580763617e-05,2.10820905102993e-05,4.434886324500287e-05
63400,4.73614893839458e-06,1.2083435711768287e-05,2.730209554271945e-05
63500,8.901565780566889e-06,1.0559202677645763e-05,8.301187260445486e-06
63600,2.1260918030369114e-05,1.6406951348191257e-05,6.056054867642491e-06
63700,5.383128925473546e-05,3.454280817802302e-05,8.111034417196405e-06
63800,2.1706389215253585e-05,4.650466480404791e-06,5.024931959557444e-06
63900,2.645354443608916e-06,7.808503206918616e-06,2.6056837653942733e-06
64000,1.9063660245233205e-05,1.1690590684898527e-05,2.9817196667003554e-06
